date,region,age_band,fever,rash,cough,diarrhea,platelets,alt,crp,malaria_test,dengue_test
2026-07-17,Busia,25-44,1,0,0,0,252,45,18.6,negative,not_done
2026-07-17,Busia,65+,0,0,0,0,296,27,4.4,not_done,not_done
2026-07-17,Busia,5-14,1,0,0,0,153,35,24.6,not_done,not_done
2026-07-17,Bungoma,0-4,1,1,0,0,290,35,17.5,negative,not_done
2026-07-17,Bungoma,45-64,0,0,0,0,277,35,2.4,not_done,not_done
2026-07-17,Bungoma,5-14,0,0,0,0,308,9,6.8,negative,not_done
2026-07-17,Bungoma,0-4,0,0,0,0,182,32,4.7,negative,not_done
2026-07-17,Nairobi,0-4,0,0,1,0,284,43,5.1,not_done,not_done
2026-07-17,Nairobi,25-44,0,0,0,0,371,56,7.8,not_done,not_done
2026-07-17,Nairobi,65+,1,0,0,0,258,19,16.5,negative,not_done
2026-07-17,Nairobi,45-64,0,0,0,0,230,21,6.0,not_done,not_done
2026-07-17,Nairobi,25-44,0,0,0,0,175,35,0.5,not_done,not_done
2026-07-17,Nakuru,15-24,0,0,1,0,215,28,4.6,not_done,not_done
2026-07-17,Nakuru,5-14,0,0,1,0,244,15,6.9,not_done,not_done
2026-07-17,Nakuru,25-44,1,0,0,0,224,28,30.0,negative,not_done
2026-07-17,Nakuru,25-44,0,0,0,0,271,11,7.4,not_done,not_done
2026-07-17,Nakuru,5-14,0,0,0,0,223,48,3.5,not_done,not_done
2026-07-17,Nakuru,5-14,0,0,0,0,196,11,1.7,not_done,not_done
2026-07-17,Nakuru,45-64,0,0,1,0,208,33,6.1,not_done,not_done
2026-07-17,Nakuru,45-64,0,0,1,0,327,34,10.1,not_done,not_done
2026-07-18,Busia,65+,0,0,0,0,320,30,6.6,not_done,not_done
2026-07-18,Bungoma,45-64,0,1,0,0,168,24,15.9,not_done,not_done
2026-07-18,Bungoma,0-4,0,0,1,0,243,30,1.2,not_done,not_done
2026-07-18,Nairobi,45-64,0,1,0,0,102,18,7.8,not_done,not_done
2026-07-18,Nairobi,0-4,0,0,0,0,247,35,7.7,positive,not_done
2026-07-18,Nakuru,5-14,0,0,0,0,344,15,5.7,not_done,not_done
2026-07-18,Nakuru,5-14,1,0,0,0,356,5,29.6,not_done,not_done
2026-07-18,Nakuru,25-44,0,0,0,0,333,34,6.3,not_done,not_done
2026-07-19,Busia,65+,0,1,1,1,309,28,2.7,not_done,not_done
2026-07-19,Busia,45-64,0,0,0,1,325,12,4.2,not_done,not_done
2026-07-19,Busia,65+,0,0,0,1,288,30,0.5,not_done,not_done
2026-07-19,Busia,5-14,0,0,0,0,249,15,4.0,not_done,not_done
2026-07-19,Busia,5-14,1,0,0,0,232,14,15.1,negative,not_done
2026-07-19,Busia,5-14,0,0,0,0,240,29,0.5,not_done,not_done
2026-07-19,Busia,15-24,0,0,0,0,307,27,3.7,negative,not_done
2026-07-19,Busia,0-4,1,0,0,0,261,10,33.0,negative,not_done
2026-07-19,Busia,5-14,0,0,0,0,173,36,8.1,not_done,not_done
2026-07-19,Bungoma,5-14,0,0,0,0,301,23,2.1,not_done,not_done
2026-07-19,Bungoma,5-14,0,0,0,0,169,18,2.3,not_done,not_done
2026-07-19,Bungoma,65+,0,0,0,0,212,40,2.4,not_done,not_done
2026-07-19,Nairobi,45-64,0,0,0,0,201,39,0.7,not_done,not_done
2026-07-19,Nairobi,0-4,0,0,0,0,297,8,9.8,not_done,not_done
2026-07-19,Nairobi,5-14,0,0,0,0,192,31,10.8,not_done,not_done
2026-07-19,Nairobi,25-44,0,0,0,0,328,10,2.1,not_done,not_done
2026-07-19,Nairobi,25-44,1,0,0,0,287,33,26.2,not_done,not_done
2026-07-19,Nairobi,65+,0,0,0,0,144,8,5.2,not_done,not_done
2026-07-19,Nairobi,65+,0,1,0,0,298,5,4.5,not_done,not_done
2026-07-19,Nairobi,25-44,1,0,0,0,340,32,25.6,not_done,not_done
2026-07-19,Nairobi,25-44,0,0,0,0,212,53,5.7,not_done,not_done
2026-07-19,Nakuru,0-4,0,0,0,0,245,27,5.2,not_done,not_done
2026-07-19,Nakuru,0-4,0,0,0,0,368,20,8.6,not_done,not_done
2026-07-19,Nakuru,0-4,0,0,1,0,256,22,9.2,not_done,not_done
2026-07-19,Nakuru,15-24,0,0,0,0,195,21,1.8,not_done,not_done
2026-07-19,Nakuru,45-64,0,0,0,0,292,41,9.3,not_done,not_done
2026-07-19,Nakuru,5-14,0,0,0,0,206,20,5.5,not_done,not_done
2026-07-19,Nakuru,25-44,0,0,0,0,228,22,3.3,not_done,not_done
2026-07-19,Nakuru,5-14,0,0,0,0,273,50,4.0,not_done,not_done
2026-07-20,Busia,0-4,1,0,0,0,270,24,10.6,negative,not_done
2026-07-20,Busia,5-14,0,0,1,0,182,34,0.5,not_done,not_done
2026-07-20,Busia,15-24,0,1,0,0,182,36,3.6,not_done,not_done
2026-07-20,Busia,45-64,0,0,0,0,216,31,11.5,not_done,not_done
2026-07-20,Bungoma,45-64,0,0,1,0,252,31,0.5,not_done,not_done
2026-07-20,Bungoma,25-44,0,0,0,0,318,25,5.1,not_done,not_done
2026-07-20,Bungoma,25-44,0,0,1,0,219,52,1.3,not_done,not_done
2026-07-20,Bungoma,25-44,0,0,0,0,284,21,5.7,not_done,not_done
2026-07-20,Bungoma,25-44,1,0,0,0,250,31,29.9,not_done,not_done
2026-07-20,Nairobi,45-64,0,0,0,0,298,29,5.0,not_done,not_done
2026-07-20,Nairobi,15-24,0,0,0,0,303,33,2.2,not_done,not_done
2026-07-20,Nairobi,45-64,0,0,0,0,322,44,2.1,not_done,not_done
2026-07-20,Nairobi,0-4,0,0,0,0,295,42,0.5,not_done,not_done
2026-07-20,Nairobi,0-4,0,0,0,0,186,38,11.5,not_done,not_done
2026-07-20,Nairobi,25-44,0,0,0,0,234,26,4.6,not_done,not_done
2026-07-20,Nairobi,25-44,0,0,0,1,311,38,5.7,not_done,not_done
2026-07-20,Nairobi,45-64,0,0,0,0,214,34,8.4,not_done,not_done
2026-07-20,Nakuru,25-44,0,1,0,0,288,32,5.6,not_done,not_done
2026-07-20,Nakuru,25-44,0,0,0,0,262,27,5.0,not_done,not_done
2026-07-20,Nakuru,25-44,1,0,0,0,267,5,18.4,negative,not_done
2026-07-20,Nakuru,25-44,0,0,0,0,217,33,0.5,not_done,not_done
2026-07-21,Busia,5-14,1,0,0,1,231,36,24.8,negative,not_done
2026-07-21,Busia,0-4,0,0,0,0,219,28,6.2,negative,not_done
2026-07-21,Busia,15-24,0,0,0,0,265,18,5.9,not_done,negative
2026-07-21,Busia,45-64,1,0,0,0,191,21,6.8,negative,not_done
2026-07-21,Busia,25-44,1,0,1,0,245,29,34.2,not_done,not_done
2026-07-21,Bungoma,25-44,0,0,0,0,245,18,7.4,not_done,not_done
2026-07-21,Bungoma,5-14,0,0,0,0,211,47,7.7,not_done,not_done
2026-07-21,Bungoma,25-44,1,0,0,0,329,22,24.5,negative,not_done
2026-07-21,Nairobi,65+,0,0,0,0,230,18,7.2,not_done,not_done
2026-07-21,Nairobi,25-44,0,0,0,0,274,16,6.8,not_done,not_done
2026-07-21,Nairobi,5-14,0,0,1,0,293,37,1.0,not_done,not_done
2026-07-21,Nairobi,65+,0,0,0,0,238,26,3.9,not_done,not_done
2026-07-21,Nairobi,5-14,0,0,1,0,184,5,5.8,not_done,not_done
2026-07-21,Nairobi,25-44,0,0,0,0,288,36,5.0,not_done,not_done
2026-07-21,Nairobi,15-24,0,0,0,0,193,51,6.5,positive,not_done
2026-07-21,Nakuru,65+,0,0,0,0,315,25,5.2,not_done,not_done
2026-07-21,Nakuru,15-24,0,0,0,0,264,26,6.3,not_done,not_done
2026-07-21,Nakuru,15-24,0,0,1,0,314,18,2.6,not_done,not_done
2026-07-21,Nakuru,45-64,0,0,0,0,313,5,0.5,not_done,not_done
2026-07-22,Busia,25-44,0,0,0,1,259,39,8.7,not_done,not_done
2026-07-22,Busia,5-14,0,0,1,1,187,25,6.0,not_done,not_done
2026-07-22,Busia,5-14,0,0,0,1,196,35,4.6,not_done,not_done
2026-07-22,Busia,65+,0,1,0,0,234,46,1.7,not_done,not_done
2026-07-22,Bungoma,5-14,0,0,0,0,163,44,0.5,not_done,not_done
2026-07-22,Bungoma,0-4,0,0,0,0,302,37,9.1,not_done,not_done
2026-07-22,Bungoma,45-64,0,0,0,0,289,47,2.3,not_done,not_done
2026-07-22,Bungoma,25-44,0,0,0,0,385,17,7.4,not_done,not_done
2026-07-22,Nairobi,15-24,0,0,0,0,208,32,7.0,not_done,not_done
2026-07-22,Nairobi,25-44,0,0,0,0,292,30,10.1,not_done,not_done
2026-07-22,Nakuru,25-44,0,0,0,0,352,28,5.2,not_done,not_done
2026-07-23,Busia,15-24,0,0,0,0,310,15,3.9,not_done,not_done
2026-07-23,Busia,25-44,0,0,0,0,268,19,4.4,not_done,not_done
2026-07-23,Busia,0-4,0,0,0,0,302,33,1.4,not_done,not_done
2026-07-23,Bungoma,45-64,0,0,0,0,154,24,3.6,not_done,not_done
2026-07-23,Bungoma,25-44,0,0,0,0,251,35,3.7,not_done,not_done
2026-07-23,Bungoma,15-24,0,0,0,0,170,25,9.4,not_done,not_done
2026-07-23,Nairobi,0-4,1,0,1,0,286,37,33.8,negative,not_done
2026-07-23,Nairobi,0-4,0,0,0,0,313,27,7.1,not_done,not_done
2026-07-23,Nairobi,5-14,1,0,0,0,309,45,12.9,positive,not_done
2026-07-23,Nairobi,45-64,0,0,0,0,266,5,4.5,not_done,not_done
2026-07-23,Nairobi,5-14,0,0,0,0,286,17,4.6,not_done,not_done
2026-07-23,Nakuru,45-64,0,0,0,0,251,46,0.5,not_done,not_done
2026-07-23,Nakuru,45-64,0,1,0,0,269,30,1.9,negative,not_done
2026-07-23,Nakuru,45-64,0,0,0,0,244,29,6.6,not_done,not_done
2026-07-24,Busia,15-24,0,0,0,0,422,25,0.5,not_done,not_done
2026-07-24,Busia,5-14,0,0,0,0,186,17,5.5,not_done,not_done
2026-07-24,Busia,15-24,0,0,0,0,268,30,6.1,not_done,not_done
2026-07-24,Bungoma,5-14,0,0,0,0,358,50,3.0,not_done,not_done
2026-07-24,Bungoma,5-14,0,0,0,0,197,5,6.0,not_done,not_done
2026-07-24,Bungoma,0-4,0,0,0,0,266,29,2.9,not_done,not_done
2026-07-24,Bungoma,15-24,0,0,1,0,304,34,6.5,not_done,not_done
2026-07-24,Nairobi,15-24,0,0,0,0,299,26,5.0,not_done,not_done
2026-07-24,Nairobi,5-14,0,0,0,0,320,24,0.9,negative,not_done
2026-07-24,Nairobi,25-44,0,0,0,0,236,35,5.7,not_done,not_done
2026-07-24,Nairobi,25-44,0,0,0,0,227,27,6.1,not_done,not_done
2026-07-24,Nairobi,5-14,0,0,0,0,249,6,1.0,not_done,not_done
2026-07-24,Nairobi,25-44,0,0,0,0,183,28,4.9,not_done,not_done
2026-07-24,Nakuru,25-44,0,0,0,1,255,20,12.8,not_done,not_done
2026-07-24,Nakuru,25-44,0,0,0,0,348,29,9.4,not_done,not_done
2026-07-24,Nakuru,25-44,1,0,0,0,313,5,7.2,negative,not_done
2026-07-24,Nakuru,0-4,0,0,1,0,329,21,0.5,not_done,not_done
2026-07-24,Nakuru,45-64,1,0,0,0,325,35,31.9,negative,negative
2026-07-25,Busia,15-24,0,0,0,0,100,21,2.6,not_done,not_done
2026-07-25,Busia,15-24,1,0,1,0,256,26,23.8,not_done,not_done
2026-07-25,Busia,25-44,0,0,1,0,275,34,4.4,not_done,not_done
2026-07-25,Busia,15-24,1,1,0,0,317,26,37.1,negative,not_done
2026-07-25,Bungoma,45-64,1,0,0,0,258,19,9.2,not_done,not_done
2026-07-25,Bungoma,15-24,0,0,0,0,282,48,5.8,not_done,not_done
2026-07-25,Bungoma,0-4,0,0,0,0,294,32,2.6,not_done,not_done
2026-07-25,Bungoma,5-14,0,0,0,0,273,26,8.9,not_done,not_done
2026-07-25,Nairobi,45-64,0,0,0,0,226,31,6.6,not_done,not_done
2026-07-25,Nairobi,65+,0,0,0,0,322,27,6.6,not_done,not_done
2026-07-25,Nairobi,65+,0,1,0,0,240,10,9.5,not_done,not_done
2026-07-25,Nairobi,15-24,0,0,0,0,270,32,8.5,not_done,not_done
2026-07-25,Nairobi,15-24,0,0,0,0,263,34,5.5,not_done,not_done
2026-07-25,Nairobi,25-44,0,0,0,0,194,29,5.7,not_done,not_done
2026-07-25,Nairobi,45-64,0,0,1,0,339,19,4.2,not_done,not_done
2026-07-25,Nairobi,15-24,0,0,0,0,146,33,3.9,not_done,not_done
2026-07-25,Nakuru,15-24,0,0,1,0,249,17,7.9,not_done,not_done
2026-07-25,Nakuru,45-64,0,0,0,0,218,19,4.0,not_done,not_done
2026-07-25,Nakuru,15-24,0,0,0,0,281,30,5.7,not_done,negative
2026-07-25,Nakuru,5-14,0,1,0,0,306,15,6.2,not_done,not_done
2026-07-25,Nakuru,25-44,0,0,0,0,206,5,0.7,not_done,not_done
2026-07-25,Nakuru,0-4,0,0,0,0,241,10,9.5,not_done,not_done
2026-07-25,Nakuru,45-64,0,0,0,0,336,33,2.5,not_done,not_done
2026-07-26,Busia,45-64,1,0,0,0,380,22,12.7,negative,not_done
2026-07-26,Busia,15-24,0,0,0,0,230,43,5.6,not_done,not_done
2026-07-26,Busia,5-14,0,0,0,0,276,21,3.4,not_done,not_done
2026-07-26,Busia,45-64,1,0,0,0,326,24,7.1,negative,not_done
2026-07-26,Busia,25-44,0,0,0,0,192,13,6.4,not_done,not_done
2026-07-26,Bungoma,15-24,0,0,0,0,343,21,6.9,not_done,not_done
2026-07-26,Bungoma,5-14,1,0,0,0,243,23,39.2,not_done,not_done
2026-07-26,Bungoma,25-44,0,0,1,0,273,28,3.7,not_done,not_done
2026-07-26,Bungoma,45-64,0,0,0,0,209,34,4.6,not_done,not_done
2026-07-26,Bungoma,15-24,1,0,0,0,278,15,13.6,not_done,not_done
2026-07-26,Bungoma,0-4,1,0,0,1,277,38,44.8,negative,not_done
2026-07-26,Nairobi,0-4,0,0,0,0,340,34,7.1,not_done,not_done
2026-07-26,Nairobi,25-44,0,0,0,0,251,16,7.3,not_done,not_done
2026-07-26,Nairobi,25-44,0,0,0,0,235,19,3.8,not_done,not_done
2026-07-26,Nairobi,15-24,0,0,0,0,318,20,1.7,not_done,not_done
2026-07-26,Nairobi,25-44,1,0,0,0,158,29,37.0,negative,not_done
2026-07-26,Nakuru,25-44,0,0,0,1,214,30,5.8,not_done,not_done
2026-07-26,Nakuru,5-14,0,0,0,0,302,29,7.2,not_done,not_done
2026-07-26,Nakuru,15-24,0,0,0,0,235,26,2.3,not_done,not_done
2026-07-26,Nakuru,0-4,0,0,0,0,343,27,3.1,not_done,not_done
2026-07-27,Busia,25-44,0,0,0,0,317,27,4.3,not_done,not_done
2026-07-27,Busia,5-14,0,0,0,0,315,31,5.4,not_done,not_done
2026-07-27,Busia,5-14,1,0,0,0,209,28,14.6,negative,not_done
2026-07-27,Busia,25-44,1,0,1,0,236,15,22.0,negative,negative
2026-07-27,Busia,45-64,0,0,1,1,260,39,2.5,not_done,not_done
2026-07-27,Busia,25-44,0,0,0,0,299,31,4.4,not_done,not_done
2026-07-27,Busia,25-44,0,0,0,0,165,30,7.4,not_done,not_done
2026-07-27,Busia,5-14,1,1,0,0,253,36,20.4,negative,not_done
2026-07-27,Busia,25-44,0,0,0,1,360,37,2.4,not_done,not_done
2026-07-27,Bungoma,15-24,0,0,0,0,460,38,1.6,not_done,not_done
2026-07-27,Bungoma,25-44,0,0,1,0,247,29,8.4,not_done,not_done
2026-07-27,Bungoma,0-4,0,0,0,0,299,17,0.5,not_done,not_done
2026-07-27,Bungoma,25-44,0,0,0,0,190,42,10.3,not_done,not_done
2026-07-27,Bungoma,15-24,1,0,0,0,289,27,17.8,not_done,not_done
2026-07-27,Bungoma,25-44,0,0,1,0,231,18,4.7,not_done,not_done
2026-07-27,Nairobi,5-14,0,0,1,0,165,11,0.5,not_done,not_done
2026-07-27,Nairobi,25-44,0,0,1,0,297,26,8.8,not_done,not_done
2026-07-27,Nairobi,25-44,0,0,0,0,234,39,0.5,not_done,not_done
2026-07-27,Nairobi,45-64,0,0,0,0,158,25,4.5,not_done,not_done
2026-07-27,Nairobi,45-64,0,0,0,0,189,16,8.8,not_done,not_done
2026-07-27,Nakuru,45-64,0,0,0,0,273,47,2.8,not_done,not_done
2026-07-27,Nakuru,45-64,0,0,0,0,87,41,2.5,not_done,not_done
2026-07-27,Nakuru,5-14,0,0,1,0,144,24,3.3,not_done,not_done
2026-07-28,Busia,25-44,0,0,0,0,290,10,7.6,not_done,not_done
2026-07-28,Busia,45-64,0,0,0,0,277,23,6.9,not_done,not_done
2026-07-28,Busia,0-4,1,0,0,1,265,42,36.7,negative,not_done
2026-07-28,Busia,25-44,0,0,0,0,265,17,0.7,not_done,not_done
2026-07-28,Busia,5-14,0,0,0,0,263,17,3.0,not_done,not_done
2026-07-28,Bungoma,5-14,1,0,0,0,178,36,27.1,negative,not_done
2026-07-28,Bungoma,65+,0,0,0,0,219,11,5.7,not_done,not_done
2026-07-28,Bungoma,0-4,0,0,0,0,241,32,5.0,not_done,not_done
2026-07-28,Nairobi,15-24,1,0,0,0,189,22,21.8,not_done,not_done
2026-07-28,Nairobi,45-64,0,0,0,1,157,32,3.4,not_done,not_done
2026-07-28,Nairobi,5-14,0,0,1,0,223,26,3.9,negative,not_done
2026-07-28,Nairobi,5-14,0,0,0,0,243,13,4.3,not_done,not_done
2026-07-28,Nairobi,45-64,0,1,0,0,211,24,4.5,not_done,not_done
2026-07-28,Nairobi,25-44,0,0,0,0,199,28,2.0,not_done,not_done
2026-07-28,Nairobi,5-14,0,0,0,0,203,36,3.6,not_done,not_done
2026-07-28,Nairobi,45-64,0,0,0,0,233,10,5.5,not_done,not_done
2026-07-28,Nairobi,5-14,0,0,0,0,248,35,5.2,not_done,not_done
2026-07-28,Nairobi,25-44,0,0,0,1,164,23,4.9,not_done,not_done
2026-07-28,Nakuru,25-44,1,0,0,1,292,37,10.3,negative,negative
2026-07-28,Nakuru,45-64,0,0,0,0,219,37,2.7,negative,not_done
2026-07-28,Nakuru,15-24,0,0,0,0,275,18,2.7,not_done,not_done
2026-07-29,Busia,65+,0,0,0,0,235,35,5.9,not_done,not_done
2026-07-29,Busia,25-44,0,0,0,0,240,39,5.2,not_done,not_done
2026-07-29,Busia,5-14,0,0,0,0,333,24,2.1,not_done,not_done
2026-07-29,Bungoma,15-24,0,0,0,0,235,24,3.1,not_done,not_done
2026-07-29,Bungoma,15-24,0,0,0,0,274,34,3.2,not_done,not_done
2026-07-29,Nairobi,45-64,0,0,0,0,222,14,4.4,not_done,not_done
2026-07-29,Nairobi,25-44,0,0,0,0,247,5,6.0,negative,not_done
2026-07-29,Nairobi,15-24,0,0,1,0,191,49,5.3,not_done,not_done
2026-07-29,Nairobi,5-14,0,0,0,0,299,35,5.2,negative,not_done
2026-07-29,Nairobi,15-24,0,0,0,0,283,24,4.6,not_done,not_done
2026-07-29,Nairobi,15-24,0,0,0,0,264,46,6.4,not_done,not_done
2026-07-29,Nairobi,25-44,1,0,0,0,159,40,20.9,negative,not_done
2026-07-29,Nairobi,25-44,0,0,0,0,243,33,7.9,not_done,not_done
2026-07-29,Nairobi,25-44,0,0,1,0,253,30,0.5,not_done,not_done
2026-07-29,Nakuru,0-4,1,0,1,0,227,29,40.4,negative,not_done
2026-07-29,Nakuru,5-14,0,0,0,0,242,30,7.6,negative,not_done
2026-07-29,Nakuru,5-14,0,0,0,0,236,36,5.8,not_done,not_done
2026-07-29,Nakuru,45-64,0,0,0,0,311,27,7.6,not_done,not_done
2026-07-30,Busia,25-44,0,0,0,0,272,43,3.3,not_done,not_done
2026-07-30,Busia,0-4,0,0,0,0,217,22,3.5,not_done,not_done
2026-07-30,Busia,45-64,0,0,0,0,271,41,3.6,not_done,not_done
2026-07-30,Busia,45-64,0,0,0,0,352,15,2.7,not_done,not_done
2026-07-30,Busia,25-44,1,0,0,0,261,31,21.9,negative,not_done
2026-07-30,Busia,15-24,1,0,0,0,366,24,0.5,negative,negative
2026-07-30,Busia,65+,0,0,0,1,279,6,6.3,not_done,not_done
2026-07-30,Bungoma,25-44,1,0,0,0,243,26,2.5,negative,not_done
2026-07-30,Bungoma,15-24,0,0,0,0,280,29,3.9,not_done,not_done
2026-07-30,Bungoma,0-4,0,0,0,0,301,39,4.1,not_done,not_done
2026-07-30,Bungoma,0-4,0,0,0,0,170,13,0.5,not_done,not_done
2026-07-30,Bungoma,0-4,0,0,0,0,236,34,0.7,not_done,not_done
2026-07-30,Nairobi,45-64,0,0,0,0,225,23,5.0,not_done,not_done
2026-07-30,Nairobi,0-4,0,0,0,0,295,47,4.6,not_done,not_done
2026-07-30,Nairobi,65+,0,0,0,0,285,5,5.8,not_done,not_done
2026-07-30,Nairobi,5-14,0,0,0,0,222,26,0.5,not_done,not_done
2026-07-30,Nairobi,45-64,0,0,0,0,305,39,4.1,not_done,not_done
2026-07-30,Nairobi,65+,0,0,0,0,177,26,4.0,not_done,not_done
2026-07-30,Nakuru,65+,0,0,0,1,336,31,5.1,not_done,not_done
2026-07-30,Nakuru,15-24,0,0,0,0,240,39,0.5,not_done,not_done
2026-07-30,Nakuru,45-64,0,0,0,0,336,13,8.6,not_done,not_done
2026-07-30,Nakuru,25-44,0,0,0,0,307,23,8.5,not_done,not_done
2026-07-30,Nakuru,45-64,0,0,0,0,202,35,9.3,not_done,not_done
2026-07-30,Nakuru,15-24,0,0,0,0,240,34,7.7,not_done,not_done
2026-07-31,Busia,5-14,0,0,0,0,281,35,7.5,not_done,not_done
2026-07-31,Busia,15-24,0,0,0,0,281,52,8.7,not_done,not_done
2026-07-31,Busia,45-64,0,0,0,0,249,23,4.9,not_done,not_done
2026-07-31,Bungoma,25-44,0,0,0,0,236,15,4.4,not_done,not_done
2026-07-31,Bungoma,25-44,0,0,1,0,336,41,7.5,not_done,not_done
2026-07-31,Bungoma,0-4,1,0,0,0,292,36,12.2,not_done,not_done
2026-07-31,Bungoma,15-24,0,0,0,0,341,34,0.5,not_done,not_done
2026-07-31,Bungoma,15-24,1,0,0,0,329,35,20.0,not_done,not_done
2026-07-31,Bungoma,25-44,0,0,0,0,230,33,0.5,not_done,not_done
2026-07-31,Bungoma,15-24,0,0,0,0,251,30,4.3,not_done,not_done
2026-07-31,Nairobi,15-24,1,0,0,0,310,22,26.4,not_done,not_done
2026-07-31,Nairobi,25-44,0,0,0,0,251,33,0.5,not_done,not_done
2026-07-31,Nairobi,15-24,0,0,0,0,277,32,3.2,not_done,not_done
2026-07-31,Nairobi,15-24,0,0,0,0,251,49,3.2,not_done,not_done
2026-07-31,Nakuru,25-44,0,0,0,0,224,19,2.2,not_done,not_done
2026-07-31,Nakuru,25-44,0,0,0,1,335,29,2.2,not_done,not_done
2026-07-31,Nakuru,45-64,0,0,0,0,184,29,3.4,not_done,not_done
2026-07-31,Nakuru,0-4,0,0,0,0,286,28,9.2,not_done,not_done
2026-07-31,Nakuru,5-14,0,0,0,0,261,25,3.1,negative,not_done
2026-07-31,Nakuru,45-64,0,0,0,0,298,21,6.9,not_done,not_done
2026-07-31,Nakuru,65+,0,0,0,0,172,13,5.5,not_done,not_done
2026-07-31,Nakuru,0-4,0,0,0,0,193,24,5.9,not_done,not_done
2026-08-01,Busia,65+,0,0,0,0,327,9,7.4,not_done,not_done
2026-08-01,Busia,25-44,0,0,0,0,337,37,6.4,not_done,not_done
2026-08-01,Busia,25-44,0,0,0,0,202,33,5.1,not_done,not_done
2026-08-01,Busia,0-4,0,0,0,0,367,27,11.4,not_done,not_done
2026-08-01,Busia,45-64,0,0,0,1,315,30,5.0,not_done,not_done
2026-08-01,Busia,0-4,0,0,0,0,174,27,6.0,not_done,not_done
2026-08-01,Busia,5-14,0,0,1,0,353,25,13.1,not_done,not_done
2026-08-01,Busia,25-44,1,0,0,0,175,16,10.6,negative,not_done
2026-08-01,Busia,25-44,0,0,1,0,292,34,7.9,not_done,not_done
2026-08-01,Busia,65+,0,0,0,0,192,28,6.3,not_done,not_done
2026-08-01,Bungoma,25-44,0,0,1,0,368,31,10.1,not_done,not_done
2026-08-01,Bungoma,5-14,0,0,1,0,269,11,5.8,not_done,not_done
2026-08-01,Bungoma,15-24,1,0,0,0,159,25,35.2,negative,not_done
2026-08-01,Bungoma,25-44,0,0,0,0,308,30,4.3,not_done,not_done
2026-08-01,Bungoma,0-4,0,0,0,0,270,26,0.9,not_done,not_done
2026-08-01,Nairobi,25-44,0,0,0,0,194,41,6.7,not_done,not_done
2026-08-01,Nairobi,0-4,0,0,0,0,297,18,6.6,not_done,not_done
2026-08-01,Nairobi,25-44,0,0,0,0,183,27,0.5,not_done,not_done
2026-08-01,Nairobi,25-44,0,0,0,0,173,31,4.1,not_done,not_done
2026-08-01,Nairobi,45-64,0,0,1,0,198,23,5.4,not_done,not_done
2026-08-01,Nairobi,65+,0,0,0,0,262,32,6.5,not_done,not_done
2026-08-01,Nairobi,5-14,0,0,0,0,218,35,3.4,not_done,not_done
2026-08-01,Nairobi,15-24,0,0,0,0,180,27,1.6,not_done,not_done
2026-08-01,Nakuru,5-14,0,0,1,0,258,26,0.5,not_done,not_done
2026-08-01,Nakuru,45-64,0,0,0,0,234,10,7.1,not_done,not_done
2026-08-01,Nakuru,0-4,1,0,0,0,216,27,0.5,negative,not_done
2026-08-02,Busia,15-24,0,0,0,0,228,41,4.5,not_done,not_done
2026-08-02,Busia,25-44,0,0,0,0,192,6,6.0,not_done,not_done
2026-08-02,Busia,45-64,1,0,0,0,212,29,12.0,positive,not_done
2026-08-02,Busia,15-24,0,0,0,0,187,21,7.0,negative,not_done
2026-08-02,Bungoma,0-4,0,0,1,0,238,6,4.3,not_done,not_done
2026-08-02,Bungoma,0-4,0,0,0,0,281,29,0.5,not_done,not_done
2026-08-02,Bungoma,45-64,0,0,1,0,242,12,7.0,not_done,not_done
2026-08-02,Bungoma,25-44,0,0,0,0,280,19,4.2,not_done,not_done
2026-08-02,Bungoma,5-14,0,1,0,0,264,10,3.9,not_done,not_done
2026-08-02,Nairobi,25-44,1,0,0,0,228,38,19.4,positive,not_done
2026-08-02,Nairobi,65+,0,0,0,0,246,7,9.1,not_done,not_done
2026-08-02,Nairobi,25-44,0,0,0,0,272,34,8.2,not_done,not_done
2026-08-02,Nairobi,25-44,1,0,0,1,203,23,9.9,negative,not_done
2026-08-02,Nairobi,5-14,1,0,0,0,295,40,29.9,not_done,not_done
2026-08-02,Nairobi,5-14,0,0,0,0,295,40,3.3,not_done,not_done
2026-08-02,Nairobi,15-24,0,0,1,0,303,37,6.8,not_done,not_done
2026-08-02,Nakuru,0-4,0,0,0,0,190,23,7.7,not_done,not_done
2026-08-02,Nakuru,0-4,1,0,0,0,169,16,27.1,negative,not_done
2026-08-02,Nakuru,25-44,0,0,0,0,165,36,2.1,not_done,not_done
2026-08-02,Nakuru,25-44,1,0,0,0,300,37,20.0,negative,not_done
2026-08-02,Nakuru,5-14,0,0,0,0,303,42,2.7,not_done,not_done
2026-08-02,Nakuru,15-24,0,0,0,0,261,19,4.9,not_done,not_done
2026-08-02,Nakuru,5-14,0,0,0,0,312,25,1.2,negative,not_done
2026-08-02,Nakuru,45-64,0,0,0,0,257,13,6.9,not_done,not_done
2026-08-03,Busia,5-14,0,0,0,0,198,33,10.3,not_done,not_done
2026-08-03,Busia,5-14,0,0,0,0,253,24,4.6,not_done,not_done
2026-08-03,Busia,15-24,0,0,0,0,214,34,3.5,not_done,not_done
2026-08-03,Bungoma,15-24,0,0,0,0,304,15,6.7,not_done,not_done
2026-08-03,Bungoma,15-24,0,0,0,0,116,34,5.6,not_done,not_done
2026-08-03,Bungoma,15-24,0,0,0,0,228,50,0.7,not_done,not_done
2026-08-03,Bungoma,25-44,0,0,0,0,320,21,10.2,not_done,not_done
2026-08-03,Bungoma,5-14,1,0,0,0,211,34,44.2,positive,not_done
2026-08-03,Bungoma,15-24,0,0,0,0,356,18,0.8,not_done,not_done
2026-08-03,Bungoma,45-64,0,0,0,0,269,22,6.3,not_done,not_done
2026-08-03,Nairobi,15-24,0,0,0,0,347,26,3.6,not_done,not_done
2026-08-03,Nairobi,5-14,0,0,0,0,272,27,0.9,not_done,not_done
2026-08-03,Nairobi,15-24,0,0,0,1,235,5,4.8,not_done,not_done
2026-08-03,Nairobi,5-14,0,0,0,0,189,28,8.3,not_done,not_done
2026-08-03,Nairobi,15-24,1,0,0,0,302,32,26.2,positive,not_done
2026-08-03,Nairobi,5-14,0,0,0,0,285,27,7.8,not_done,not_done
2026-08-03,Nairobi,15-24,0,0,0,0,241,16,5.1,not_done,not_done
2026-08-03,Nakuru,15-24,0,0,0,0,188,23,5.8,not_done,not_done
2026-08-03,Nakuru,15-24,0,0,0,0,213,33,8.7,not_done,not_done
2026-08-03,Nakuru,0-4,1,0,0,0,275,34,23.6,negative,not_done
2026-08-03,Nakuru,5-14,0,1,1,0,337,30,2.7,negative,not_done
2026-08-03,Nakuru,25-44,0,0,1,0,300,22,8.4,not_done,not_done
2026-08-03,Nakuru,15-24,1,0,0,0,281,10,23.8,negative,negative
2026-08-03,Nakuru,25-44,1,0,0,0,253,19,28.5,not_done,not_done
2026-08-04,Busia,25-44,0,0,0,0,218,30,5.5,not_done,not_done
2026-08-04,Busia,65+,0,0,0,0,232,25,3.6,not_done,not_done
2026-08-04,Busia,0-4,0,0,0,0,345,40,6.3,negative,not_done
2026-08-04,Busia,25-44,0,0,0,0,261,17,6.4,not_done,not_done
2026-08-04,Busia,25-44,0,0,0,0,237,7,7.1,not_done,not_done
2026-08-04,Busia,45-64,0,0,0,0,219,22,2.7,not_done,not_done
2026-08-04,Busia,5-14,0,0,0,0,197,32,7.1,negative,not_done
2026-08-04,Busia,45-64,1,0,0,0,413,53,31.5,negative,not_done
2026-08-04,Busia,25-44,1,0,0,0,255,28,19.7,negative,not_done
2026-08-04,Bungoma,5-14,1,0,0,0,253,28,23.6,negative,not_done
2026-08-04,Bungoma,5-14,0,0,0,0,304,38,3.8,not_done,not_done
2026-08-04,Nairobi,25-44,0,0,0,0,351,36,8.6,not_done,not_done
2026-08-04,Nairobi,15-24,1,0,0,0,391,18,20.8,not_done,not_done
2026-08-04,Nairobi,65+,1,0,0,0,285,30,13.4,negative,not_done
2026-08-04,Nairobi,45-64,1,1,0,0,371,45,14.0,negative,not_done
2026-08-04,Nairobi,15-24,0,0,0,0,280,34,4.5,not_done,not_done
2026-08-04,Nakuru,0-4,0,0,0,1,241,27,3.3,not_done,not_done
2026-08-04,Nakuru,0-4,0,0,0,0,145,26,4.8,not_done,not_done
2026-08-05,Busia,0-4,1,0,0,0,345,20,18.5,negative,not_done
2026-08-05,Busia,0-4,0,0,0,0,235,27,7.4,not_done,not_done
2026-08-05,Busia,65+,0,0,0,0,199,11,10.2,not_done,not_done
2026-08-05,Busia,15-24,0,0,0,0,273,5,0.5,not_done,not_done
2026-08-05,Busia,25-44,0,0,0,0,180,44,5.5,not_done,not_done
2026-08-05,Busia,45-64,1,0,0,0,203,22,36.7,negative,not_done
2026-08-05,Bungoma,5-14,1,0,1,0,147,32,1.9,negative,not_done
2026-08-05,Bungoma,25-44,0,0,0,1,435,37,6.7,not_done,not_done
2026-08-05,Bungoma,0-4,0,0,0,0,238,20,5.8,not_done,not_done
2026-08-05,Bungoma,25-44,0,0,1,0,244,34,1.8,not_done,not_done
2026-08-05,Bungoma,15-24,0,0,0,0,147,41,10.2,not_done,not_done
2026-08-05,Bungoma,15-24,0,0,0,0,200,23,4.9,not_done,not_done
2026-08-05,Bungoma,45-64,0,0,0,0,249,28,0.5,not_done,not_done
2026-08-05,Nairobi,45-64,0,0,1,0,311,8,0.5,not_done,not_done
2026-08-05,Nairobi,25-44,0,0,0,0,218,29,11.8,not_done,negative
2026-08-05,Nairobi,0-4,0,0,0,0,300,34,5.7,not_done,not_done
2026-08-05,Nairobi,0-4,0,0,0,0,220,13,5.1,not_done,not_done
2026-08-05,Nairobi,5-14,0,1,1,0,204,49,6.1,not_done,not_done
2026-08-05,Nakuru,45-64,0,0,0,1,233,32,6.7,negative,not_done
2026-08-05,Nakuru,0-4,0,0,0,1,221,30,4.6,negative,not_done
2026-08-05,Nakuru,0-4,0,0,0,0,265,24,7.3,not_done,not_done
2026-08-05,Nakuru,25-44,0,1,0,0,407,33,6.9,not_done,not_done
2026-08-06,Busia,15-24,0,0,1,0,234,22,3.1,not_done,not_done
2026-08-06,Busia,45-64,0,0,0,0,392,39,2.3,not_done,not_done
2026-08-06,Busia,45-64,1,0,0,0,236,24,20.5,positive,not_done
2026-08-06,Busia,15-24,0,0,0,0,252,10,1.7,not_done,not_done
2026-08-06,Bungoma,25-44,0,0,0,0,302,17,0.5,not_done,not_done
2026-08-06,Bungoma,65+,0,0,0,0,319,19,2.0,not_done,not_done
2026-08-06,Bungoma,25-44,0,1,0,0,302,26,0.9,not_done,not_done
2026-08-06,Bungoma,15-24,0,0,0,0,318,31,3.4,not_done,not_done
2026-08-06,Bungoma,0-4,0,0,0,0,318,25,3.9,not_done,not_done
2026-08-06,Bungoma,5-14,0,0,0,0,252,16,7.8,not_done,not_done
2026-08-06,Bungoma,45-64,0,0,1,0,215,34,8.6,not_done,not_done
2026-08-06,Bungoma,65+,0,0,0,0,201,5,2.3,negative,not_done
2026-08-06,Bungoma,0-4,0,0,0,0,299,24,3.3,not_done,not_done
2026-08-06,Bungoma,15-24,0,0,0,0,226,40,6.7,not_done,not_done
2026-08-06,Nairobi,5-14,0,0,0,0,203,27,6.5,negative,not_done
2026-08-06,Nakuru,5-14,0,0,0,0,220,29,7.4,not_done,not_done
2026-08-06,Nakuru,5-14,0,0,0,0,209,5,6.9,not_done,not_done
2026-08-06,Nakuru,65+,0,0,0,0,197,27,2.0,not_done,not_done
2026-08-06,Nakuru,25-44,0,0,0,0,252,24,2.5,not_done,not_done
2026-08-06,Nakuru,25-44,1,0,0,0,243,38,25.8,negative,not_done
2026-08-06,Nakuru,0-4,0,1,0,0,259,26,6.0,not_done,not_done
2026-08-06,Nakuru,5-14,1,0,0,0,186,35,24.5,negative,not_done
2026-08-06,Nakuru,0-4,0,0,0,0,263,23,5.1,not_done,not_done
2026-08-06,Nakuru,5-14,0,0,0,0,298,31,5.2,not_done,not_done
2026-08-07,Busia,5-14,0,0,1,0,319,50,1.8,not_done,not_done
2026-08-07,Busia,25-44,0,0,0,0,229,42,6.7,not_done,not_done
2026-08-07,Busia,15-24,0,0,0,0,241,25,4.2,not_done,not_done
2026-08-07,Busia,65+,1,0,0,1,332,30,10.3,negative,not_done
2026-08-07,Busia,45-64,0,0,0,0,243,20,8.3,not_done,not_done
2026-08-07,Busia,5-14,0,1,0,0,304,31,8.2,not_done,not_done
2026-08-07,Busia,45-64,0,0,0,0,334,38,5.0,not_done,not_done
2026-08-07,Busia,15-24,0,0,0,0,221,39,3.9,not_done,not_done
2026-08-07,Bungoma,15-24,1,0,0,0,269,31,16.4,not_done,not_done
2026-08-07,Bungoma,0-4,0,1,0,0,151,30,9.2,not_done,not_done
2026-08-07,Bungoma,45-64,0,0,0,0,162,22,7.9,not_done,not_done
2026-08-07,Bungoma,25-44,1,0,0,0,80,22,19.3,not_done,negative
2026-08-07,Nairobi,45-64,1,0,0,0,240,23,36.4,negative,not_done
2026-08-07,Nairobi,65+,0,0,0,0,305,43,3.6,not_done,not_done
2026-08-07,Nairobi,5-14,0,0,0,0,233,21,7.1,not_done,not_done
2026-08-07,Nairobi,65+,0,0,0,0,355,36,2.9,not_done,not_done
2026-08-07,Nairobi,25-44,0,0,0,0,197,5,0.5,not_done,not_done
2026-08-07,Nairobi,15-24,0,1,1,0,293,20,0.5,not_done,not_done
2026-08-07,Nakuru,15-24,0,0,0,0,167,43,5.5,not_done,not_done
2026-08-07,Nakuru,5-14,0,0,0,1,230,44,5.4,not_done,not_done
2026-08-07,Nakuru,15-24,0,0,0,0,218,40,6.6,not_done,not_done
2026-08-07,Nakuru,45-64,0,0,1,0,155,34,7.0,not_done,not_done
2026-08-08,Busia,25-44,0,0,0,0,212,36,1.4,not_done,not_done
2026-08-08,Busia,65+,0,0,0,0,294,26,7.8,negative,not_done
2026-08-08,Busia,5-14,0,0,0,0,213,26,8.8,not_done,not_done
2026-08-08,Bungoma,15-24,0,0,0,0,247,50,5.2,not_done,not_done
2026-08-08,Bungoma,65+,0,0,0,0,305,30,2.6,not_done,not_done
2026-08-08,Bungoma,25-44,1,0,0,0,318,34,33.2,not_done,not_done
2026-08-08,Bungoma,15-24,0,0,0,0,261,40,4.1,not_done,not_done
2026-08-08,Bungoma,5-14,0,0,0,0,219,39,11.3,not_done,not_done
2026-08-08,Bungoma,15-24,0,0,0,0,217,21,2.5,not_done,not_done
2026-08-08,Bungoma,65+,0,0,0,0,248,10,6.0,not_done,not_done
2026-08-08,Bungoma,25-44,1,0,0,0,261,14,18.5,negative,not_done
2026-08-08,Bungoma,5-14,0,0,0,0,289,32,9.9,negative,not_done
2026-08-08,Bungoma,0-4,0,0,1,0,262,35,8.3,not_done,not_done
2026-08-08,Nairobi,0-4,0,0,0,0,248,28,5.3,negative,not_done
2026-08-08,Nakuru,5-14,0,0,0,0,111,39,7.5,not_done,not_done
2026-08-08,Nakuru,5-14,0,0,0,0,219,22,11.0,not_done,not_done
2026-08-08,Nakuru,65+,0,0,0,0,208,11,2.5,not_done,not_done
2026-08-08,Nakuru,5-14,0,0,0,0,295,5,3.2,not_done,not_done
2026-08-08,Nakuru,25-44,1,0,0,1,263,34,16.0,positive,not_done
2026-08-08,Nakuru,5-14,0,0,0,0,273,21,10.0,not_done,not_done
2026-08-08,Nakuru,5-14,1,0,0,0,227,9,24.9,not_done,not_done
2026-08-09,Busia,65+,1,0,0,0,294,43,12.4,not_done,not_done
2026-08-09,Busia,25-44,0,0,0,0,223,23,0.5,not_done,not_done
2026-08-09,Busia,0-4,0,0,0,0,368,52,6.4,not_done,not_done
2026-08-09,Busia,15-24,0,0,0,0,164,40,10.7,not_done,not_done
2026-08-09,Busia,65+,0,0,0,1,280,40,3.5,not_done,not_done
2026-08-09,Bungoma,5-14,0,0,0,0,243,39,4.7,not_done,not_done
2026-08-09,Bungoma,15-24,0,0,0,0,233,28,5.7,not_done,not_done
2026-08-09,Bungoma,15-24,1,0,0,0,149,19,27.7,negative,not_done
2026-08-09,Bungoma,25-44,0,0,1,0,308,35,3.5,not_done,not_done
2026-08-09,Bungoma,5-14,1,0,0,0,250,11,19.2,positive,not_done
2026-08-09,Nairobi,0-4,1,0,0,0,188,51,17.2,positive,not_done
2026-08-09,Nairobi,0-4,0,0,0,0,289,46,2.5,not_done,not_done
2026-08-09,Nairobi,25-44,0,0,0,0,219,23,8.6,not_done,not_done
2026-08-09,Nairobi,25-44,1,0,0,0,321,33,9.7,negative,not_done
2026-08-09,Nakuru,65+,0,0,1,0,239,33,11.4,not_done,not_done
2026-08-09,Nakuru,15-24,0,0,1,0,302,33,0.5,not_done,not_done
2026-08-09,Nakuru,5-14,0,0,0,0,350,18,0.5,negative,not_done
2026-08-09,Nakuru,15-24,0,0,1,0,266,19,7.2,not_done,not_done
2026-08-09,Nakuru,25-44,1,0,0,0,316,29,4.5,negative,not_done
2026-08-09,Nakuru,15-24,0,0,0,0,256,23,0.5,not_done,not_done
2026-08-09,Nakuru,45-64,0,0,0,0,202,34,6.7,not_done,not_done
2026-08-10,Busia,15-24,0,0,1,0,234,28,3.9,not_done,not_done
2026-08-10,Busia,45-64,0,0,0,0,248,23,1.2,not_done,not_done
2026-08-10,Bungoma,0-4,0,0,1,0,203,34,0.5,not_done,not_done
2026-08-10,Bungoma,0-4,0,0,0,0,154,41,9.2,not_done,not_done
2026-08-10,Bungoma,15-24,1,0,1,0,227,20,17.4,negative,not_done
2026-08-10,Bungoma,0-4,1,0,0,0,249,28,22.5,negative,not_done
2026-08-10,Bungoma,25-44,0,0,0,0,348,31,12.9,not_done,not_done
2026-08-10,Nairobi,15-24,0,1,0,0,241,19,1.1,negative,not_done
2026-08-10,Nairobi,5-14,0,0,0,0,233,49,6.9,not_done,not_done
2026-08-10,Nairobi,25-44,0,1,1,0,205,31,2.6,not_done,not_done
2026-08-10,Nairobi,45-64,0,0,0,0,252,32,10.0,not_done,not_done
2026-08-10,Nairobi,45-64,0,0,0,0,293,20,1.3,not_done,not_done
2026-08-10,Nakuru,0-4,1,0,1,0,247,19,24.0,not_done,not_done
2026-08-10,Nakuru,5-14,0,0,0,0,246,31,5.4,negative,not_done
2026-08-10,Nakuru,0-4,0,0,0,0,220,25,7.4,not_done,not_done
2026-08-10,Nakuru,5-14,0,0,0,0,316,22,1.1,not_done,not_done
2026-08-10,Nakuru,25-44,0,1,0,0,257,31,2.3,not_done,not_done
2026-08-10,Nakuru,5-14,0,0,0,0,201,33,4.6,not_done,positive
2026-08-10,Nakuru,0-4,0,1,0,0,278,31,9.8,not_done,not_done
2026-08-10,Nakuru,25-44,0,0,0,0,185,40,2.5,not_done,not_done
2026-08-10,Nakuru,25-44,0,0,0,0,236,16,4.0,not_done,not_done
2026-08-11,Busia,25-44,0,0,0,0,197,35,2.4,not_done,not_done
2026-08-11,Busia,25-44,0,0,0,0,183,33,8.1,not_done,not_done
2026-08-11,Busia,15-24,0,0,0,1,260,34,8.2,not_done,not_done
2026-08-11,Busia,45-64,0,0,0,0,325,26,2.7,not_done,not_done
2026-08-11,Busia,25-44,0,0,0,0,268,33,5.1,not_done,not_done
2026-08-11,Bungoma,5-14,0,0,0,0,258,27,6.4,not_done,not_done
2026-08-11,Bungoma,25-44,0,0,1,0,213,38,0.5,not_done,not_done
2026-08-11,Bungoma,25-44,0,0,0,0,306,35,5.3,not_done,not_done
2026-08-11,Bungoma,5-14,0,0,0,0,351,39,0.5,negative,not_done
2026-08-11,Bungoma,25-44,0,0,0,0,192,42,10.9,not_done,not_done
2026-08-11,Nairobi,25-44,1,0,0,0,204,26,24.6,positive,not_done
2026-08-11,Nairobi,15-24,0,0,0,0,375,47,4.4,not_done,not_done
2026-08-11,Nairobi,25-44,0,0,0,0,282,33,7.5,not_done,not_done
2026-08-11,Nairobi,5-14,0,0,0,0,352,33,6.1,not_done,not_done
2026-08-11,Nakuru,25-44,0,0,0,0,283,15,6.2,not_done,not_done
2026-08-11,Nakuru,25-44,0,0,0,0,268,25,3.1,not_done,not_done
2026-08-11,Nakuru,25-44,0,0,0,0,186,42,6.1,not_done,not_done
2026-08-12,Busia,25-44,0,0,0,0,282,25,0.5,not_done,not_done
2026-08-12,Busia,0-4,0,0,0,0,232,30,4.3,not_done,not_done
2026-08-12,Busia,5-14,1,0,0,0,369,32,35.6,negative,not_done
2026-08-12,Bungoma,25-44,1,0,0,0,199,37,22.0,not_done,not_done
2026-08-12,Bungoma,65+,1,0,0,0,223,31,11.0,not_done,not_done
2026-08-12,Bungoma,25-44,0,0,0,0,247,33,8.3,not_done,not_done
2026-08-12,Bungoma,0-4,1,0,0,1,265,36,30.1,not_done,not_done
2026-08-12,Bungoma,5-14,0,0,0,1,282,28,5.7,not_done,not_done
2026-08-12,Nairobi,25-44,1,0,0,0,227,36,34.9,not_done,not_done
2026-08-12,Nairobi,45-64,0,0,0,0,230,25,0.8,not_done,not_done
2026-08-12,Nairobi,15-24,0,0,1,0,199,8,0.5,negative,not_done
2026-08-12,Nairobi,0-4,0,0,0,0,237,31,5.2,negative,not_done
2026-08-12,Nairobi,5-14,1,0,0,0,230,20,42.3,negative,not_done
2026-08-12,Nairobi,5-14,0,0,0,0,363,31,4.1,not_done,not_done
2026-08-12,Nairobi,0-4,0,0,0,0,330,34,11.2,not_done,not_done
2026-08-12,Nairobi,65+,1,0,0,0,178,21,22.7,negative,not_done
2026-08-12,Nakuru,45-64,0,0,0,0,269,9,8.3,not_done,not_done
2026-08-12,Nakuru,0-4,0,0,0,0,259,23,10.8,not_done,not_done
2026-08-12,Nakuru,65+,1,0,1,0,152,24,20.2,negative,not_done
2026-08-12,Nakuru,0-4,0,0,0,0,215,37,0.5,negative,not_done
2026-08-12,Nakuru,25-44,0,0,0,0,276,21,0.5,not_done,not_done
2026-08-12,Nakuru,15-24,0,0,0,0,182,25,7.7,not_done,not_done
2026-08-12,Nakuru,25-44,0,0,0,0,225,22,10.2,not_done,not_done
2026-08-12,Nakuru,65+,0,0,0,0,227,22,4.4,not_done,not_done
2026-08-12,Nakuru,25-44,1,0,0,0,279,51,6.6,negative,not_done
2026-08-12,Nakuru,15-24,0,0,0,0,202,5,8.3,not_done,not_done
2026-08-13,Busia,15-24,0,1,0,0,289,24,6.6,not_done,not_done
2026-08-13,Busia,0-4,0,0,0,0,321,36,3.5,not_done,not_done
2026-08-13,Busia,25-44,0,0,0,0,230,19,7.8,not_done,not_done
2026-08-13,Busia,45-64,1,0,0,0,205,45,28.3,negative,not_done
2026-08-13,Busia,65+,0,0,0,0,359,13,1.6,not_done,not_done
2026-08-13,Busia,45-64,0,0,0,0,278,21,4.3,not_done,not_done
2026-08-13,Bungoma,15-24,1,0,0,0,259,24,18.5,negative,not_done
2026-08-13,Bungoma,5-14,0,0,0,0,332,29,7.5,not_done,not_done
2026-08-13,Bungoma,65+,0,0,0,0,301,20,12.2,not_done,not_done
2026-08-13,Bungoma,25-44,0,0,1,0,337,35,7.4,not_done,not_done
2026-08-13,Nairobi,65+,1,0,0,0,276,37,14.2,negative,not_done
2026-08-13,Nairobi,0-4,0,0,0,0,223,31,7.4,not_done,not_done
2026-08-13,Nairobi,45-64,0,0,0,0,316,21,0.6,not_done,not_done
2026-08-13,Nakuru,15-24,0,0,0,0,282,24,4.6,not_done,not_done
2026-08-13,Nakuru,5-14,0,0,0,1,223,25,7.5,not_done,not_done
2026-08-13,Nakuru,15-24,0,0,0,0,203,22,3.9,not_done,not_done
2026-08-13,Nakuru,5-14,0,0,0,0,238,19,8.5,not_done,not_done
2026-08-13,Nakuru,15-24,0,0,0,0,275,15,5.4,not_done,not_done
2026-08-14,Busia,0-4,0,0,0,0,261,28,7.2,not_done,not_done
2026-08-14,Bungoma,0-4,0,0,1,0,280,17,6.2,negative,not_done
2026-08-14,Bungoma,0-4,0,1,0,0,272,21,8.2,not_done,not_done
2026-08-14,Bungoma,0-4,0,0,0,0,261,27,12.4,not_done,not_done
2026-08-14,Bungoma,45-64,0,0,0,0,230,35,8.5,not_done,not_done
2026-08-14,Bungoma,0-4,0,1,1,0,135,17,6.6,not_done,not_done
2026-08-14,Bungoma,5-14,0,0,1,0,264,14,4.3,not_done,not_done
2026-08-14,Bungoma,25-44,0,0,0,0,216,40,3.6,not_done,not_done
2026-08-14,Nairobi,25-44,0,1,0,0,265,17,1.3,not_done,not_done
2026-08-14,Nairobi,15-24,1,0,0,0,242,21,19.5,negative,not_done
2026-08-14,Nairobi,0-4,0,0,1,0,322,18,0.5,not_done,not_done
2026-08-14,Nairobi,0-4,0,0,0,0,266,44,4.4,negative,not_done
2026-08-14,Nairobi,65+,0,0,0,0,217,31,3.0,not_done,not_done
2026-08-14,Nairobi,15-24,1,0,1,0,267,38,16.4,negative,not_done
2026-08-14,Nairobi,5-14,0,0,0,0,324,38,5.6,not_done,not_done
2026-08-14,Nairobi,45-64,0,0,0,0,274,25,6.8,not_done,not_done
2026-08-14,Nakuru,5-14,0,0,0,0,310,41,3.4,negative,not_done
2026-08-14,Nakuru,0-4,0,0,0,0,284,26,0.5,not_done,not_done
2026-08-14,Nakuru,65+,0,0,0,1,291,37,4.5,not_done,not_done
2026-08-15,Busia,0-4,0,0,0,0,277,39,6.0,not_done,not_done
2026-08-15,Busia,15-24,0,0,0,0,211,28,9.0,not_done,not_done
2026-08-15,Busia,65+,0,0,0,0,317,33,3.0,negative,not_done
2026-08-15,Bungoma,15-24,0,0,0,0,249,22,1.6,not_done,not_done
2026-08-15,Bungoma,45-64,1,0,0,0,286,28,5.3,negative,not_done
2026-08-15,Bungoma,45-64,0,0,0,0,264,35,3.2,not_done,not_done
2026-08-15,Bungoma,0-4,1,0,0,0,251,33,28.1,not_done,not_done
2026-08-15,Bungoma,0-4,0,0,0,0,306,11,5.8,not_done,not_done
2026-08-15,Bungoma,25-44,0,0,0,0,293,34,12.2,not_done,not_done
2026-08-15,Bungoma,15-24,1,0,0,0,233,15,29.5,negative,not_done
2026-08-15,Bungoma,45-64,0,0,0,0,282,30,5.8,not_done,not_done
2026-08-15,Nairobi,25-44,0,0,0,0,228,19,6.8,not_done,not_done
2026-08-15,Nairobi,45-64,1,0,0,0,280,29,22.9,negative,not_done
2026-08-15,Nairobi,65+,1,0,1,0,279,30,33.5,not_done,not_done
2026-08-15,Nakuru,15-24,1,0,0,0,319,21,22.2,negative,not_done
2026-08-15,Nakuru,25-44,0,0,0,1,290,19,4.9,not_done,not_done
2026-08-15,Nakuru,0-4,0,0,0,0,286,23,5.2,not_done,not_done
2026-08-15,Nakuru,25-44,0,0,0,0,242,45,5.1,not_done,not_done
2026-08-15,Nakuru,0-4,0,0,0,0,221,38,11.0,not_done,not_done
2026-08-15,Nakuru,45-64,0,0,0,0,362,31,6.1,not_done,not_done
2026-08-15,Nakuru,0-4,0,0,0,0,243,29,1.7,not_done,not_done
2026-08-15,Nakuru,25-44,0,0,0,0,221,32,5.4,not_done,not_done
2026-08-15,Nakuru,45-64,0,0,0,0,289,17,3.4,negative,not_done
2026-08-15,Nakuru,5-14,0,0,0,0,250,33,12.2,not_done,not_done
2026-08-15,Nakuru,5-14,0,0,0,0,324,23,3.2,not_done,not_done
2026-08-16,Busia,0-4,0,0,0,0,336,17,5.7,not_done,not_done
2026-08-16,Bungoma,5-14,1,1,0,0,156,33,15.1,negative,not_done
2026-08-16,Bungoma,0-4,0,0,0,0,259,21,3.7,negative,not_done
2026-08-16,Nairobi,25-44,0,1,0,0,198,9,6.0,not_done,not_done
2026-08-16,Nairobi,25-44,1,0,0,1,215,33,36.9,negative,not_done
2026-08-16,Nairobi,45-64,1,0,0,0,334,44,11.3,negative,not_done
2026-08-16,Nairobi,5-14,0,0,1,0,242,8,9.8,not_done,not_done
2026-08-16,Nairobi,65+,0,0,0,0,359,14,10.5,not_done,not_done
2026-08-16,Nairobi,25-44,0,0,0,0,298,27,10.9,not_done,not_done
2026-08-16,Nakuru,25-44,0,0,1,0,230,26,2.5,not_done,not_done
2026-08-16,Nakuru,0-4,0,0,0,0,226,28,2.1,negative,not_done
2026-08-16,Nakuru,25-44,0,0,0,0,270,5,4.0,not_done,not_done
2026-08-16,Nakuru,15-24,1,1,1,0,180,42,19.2,positive,not_done
2026-08-16,Nakuru,25-44,0,0,0,0,335,18,7.6,not_done,not_done
2026-08-16,Nakuru,25-44,1,0,0,0,263,37,24.9,negative,not_done
2026-08-16,Nakuru,5-14,0,0,0,0,266,26,5.5,not_done,negative
2026-08-17,Busia,45-64,0,0,0,0,352,17,6.2,not_done,not_done
2026-08-17,Busia,65+,0,1,0,0,307,40,5.2,not_done,not_done
2026-08-17,Bungoma,45-64,0,0,0,1,344,12,8.0,not_done,not_done
2026-08-17,Bungoma,45-64,0,0,0,0,273,5,6.6,not_done,not_done
2026-08-17,Bungoma,25-44,0,0,0,0,228,18,8.4,not_done,negative
2026-08-17,Bungoma,5-14,0,0,0,0,244,8,0.5,not_done,not_done
2026-08-17,Bungoma,25-44,0,1,0,0,320,26,5.8,not_done,not_done
2026-08-17,Bungoma,25-44,0,0,0,0,278,29,4.7,not_done,not_done
2026-08-17,Bungoma,15-24,1,0,0,0,215,25,24.8,negative,not_done
2026-08-17,Bungoma,25-44,0,0,1,0,322,22,4.1,not_done,not_done
2026-08-17,Nairobi,25-44,0,0,0,0,318,48,7.5,not_done,not_done
2026-08-17,Nairobi,5-14,0,0,0,0,301,23,6.2,not_done,not_done
2026-08-17,Nairobi,25-44,0,0,0,0,320,46,3.3,not_done,not_done
2026-08-17,Nakuru,15-24,0,0,0,0,274,33,5.6,not_done,not_done
2026-08-17,Nakuru,5-14,0,0,0,0,229,28,2.3,not_done,not_done
2026-08-17,Nakuru,15-24,0,0,0,1,254,32,2.4,not_done,not_done
2026-08-17,Nakuru,25-44,1,0,0,0,208,25,22.8,positive,not_done
2026-08-17,Nakuru,0-4,0,0,0,0,93,30,10.6,not_done,not_done
2026-08-17,Nakuru,15-24,0,1,0,0,340,44,0.5,not_done,not_done
2026-08-17,Nakuru,5-14,1,0,0,0,297,22,27.1,not_done,not_done
2026-08-18,Busia,5-14,0,0,0,0,297,18,9.1,not_done,not_done
2026-08-18,Busia,5-14,0,0,0,0,317,33,6.0,negative,not_done
2026-08-18,Busia,15-24,0,0,0,0,258,27,9.4,negative,not_done
2026-08-18,Busia,0-4,0,0,0,0,298,32,3.9,not_done,not_done
2026-08-18,Busia,5-14,1,0,0,0,271,40,20.3,negative,not_done
2026-08-18,Busia,0-4,0,0,0,0,266,37,7.7,not_done,not_done
2026-08-18,Bungoma,15-24,0,0,0,0,269,52,10.2,not_done,not_done
2026-08-18,Bungoma,45-64,0,0,0,0,258,28,2.2,not_done,not_done
2026-08-18,Nairobi,15-24,0,0,0,0,272,37,7.5,not_done,not_done
2026-08-18,Nairobi,25-44,1,0,0,0,223,24,15.5,negative,not_done
2026-08-18,Nairobi,45-64,0,0,0,0,202,15,4.9,not_done,not_done
2026-08-18,Nairobi,15-24,0,0,0,0,200,18,5.6,positive,not_done
2026-08-18,Nairobi,25-44,0,0,0,0,246,15,2.5,not_done,not_done
2026-08-18,Nakuru,5-14,0,0,0,0,250,23,4.2,not_done,not_done
2026-08-18,Nakuru,45-64,0,0,0,0,282,32,5.2,not_done,not_done
2026-08-18,Nakuru,65+,1,0,0,0,252,32,19.4,negative,not_done
2026-08-18,Nakuru,45-64,0,0,0,0,274,36,6.9,not_done,not_done
2026-08-19,Busia,5-14,0,0,1,0,262,40,3.7,not_done,not_done
2026-08-19,Busia,5-14,1,0,0,0,311,37,9.1,negative,not_done
2026-08-19,Busia,0-4,0,0,0,0,327,33,1.0,not_done,not_done
2026-08-19,Bungoma,25-44,0,1,0,0,209,11,3.3,not_done,not_done
2026-08-19,Bungoma,0-4,0,0,0,0,263,22,1.2,not_done,not_done
2026-08-19,Bungoma,25-44,0,0,0,0,345,43,2.4,not_done,not_done
2026-08-19,Bungoma,15-24,1,0,1,1,168,21,22.9,negative,negative
2026-08-19,Bungoma,5-14,0,0,0,0,309,28,4.5,not_done,not_done
2026-08-19,Bungoma,0-4,1,0,1,1,304,29,9.6,negative,not_done
2026-08-19,Bungoma,15-24,0,0,0,0,175,27,7.1,not_done,not_done
2026-08-19,Nairobi,15-24,0,0,0,0,283,43,10.5,not_done,not_done
2026-08-19,Nairobi,0-4,1,0,0,0,252,29,19.1,positive,not_done
2026-08-19,Nairobi,45-64,1,0,0,0,281,41,24.1,not_done,not_done
2026-08-19,Nairobi,5-14,0,0,0,0,374,14,7.7,not_done,not_done
2026-08-19,Nairobi,65+,0,0,0,0,240,26,4.2,not_done,not_done
2026-08-19,Nairobi,5-14,0,0,1,0,271,27,4.4,not_done,not_done
2026-08-19,Nairobi,45-64,0,0,0,0,229,36,0.5,not_done,not_done
2026-08-19,Nairobi,25-44,0,0,0,0,212,29,7.8,not_done,not_done
2026-08-19,Nairobi,0-4,0,0,0,0,153,34,4.5,not_done,not_done
2026-08-19,Nairobi,25-44,1,0,0,0,282,44,41.3,negative,not_done
2026-08-19,Nakuru,45-64,0,0,0,0,284,32,2.6,negative,not_done
2026-08-19,Nakuru,65+,0,0,0,0,226,31,5.9,not_done,negative
2026-08-19,Nakuru,5-14,1,0,1,0,241,42,9.0,not_done,not_done
2026-08-19,Nakuru,45-64,0,0,0,0,293,22,6.6,negative,not_done
2026-08-19,Nakuru,15-24,0,0,1,0,338,29,7.1,not_done,not_done
2026-08-19,Nakuru,25-44,1,0,0,0,241,32,15.2,negative,negative
2026-08-19,Nakuru,0-4,0,0,0,0,261,20,5.1,not_done,not_done
2026-08-19,Nakuru,15-24,1,0,0,0,281,24,31.8,not_done,not_done
2026-08-19,Nakuru,25-44,0,0,0,0,245,28,7.1,negative,not_done
2026-08-20,Busia,45-64,0,0,0,0,244,42,6.5,not_done,not_done
2026-08-20,Busia,15-24,0,0,0,0,230,16,1.2,not_done,not_done
2026-08-20,Busia,5-14,0,0,0,0,168,29,4.7,not_done,not_done
2026-08-20,Busia,15-24,1,0,0,0,220,9,18.4,negative,not_done
2026-08-20,Bungoma,25-44,0,0,0,0,320,24,5.7,not_done,not_done
2026-08-20,Bungoma,25-44,0,0,0,0,262,28,2.4,not_done,not_done
2026-08-20,Bungoma,45-64,0,0,1,1,217,12,7.8,not_done,not_done
2026-08-20,Nairobi,5-14,1,0,0,0,99,35,17.1,not_done,not_done
2026-08-20,Nakuru,45-64,0,0,0,0,224,19,5.4,not_done,not_done
2026-08-20,Nakuru,45-64,0,0,0,0,226,42,5.5,not_done,not_done
2026-08-20,Nakuru,25-44,0,0,0,0,255,39,3.4,negative,not_done
2026-08-20,Nakuru,25-44,0,0,0,0,330,29,3.6,not_done,not_done
2026-08-20,Nakuru,15-24,1,0,0,0,253,42,16.0,negative,not_done
2026-08-21,Busia,25-44,0,0,0,0,199,30,5.8,negative,not_done
2026-08-21,Busia,15-24,1,0,0,0,274,32,9.7,negative,not_done
2026-08-21,Busia,65+,0,0,0,0,226,13,2.1,not_done,not_done
2026-08-21,Busia,15-24,0,0,0,0,196,22,7.2,not_done,not_done
2026-08-21,Busia,5-14,1,0,0,0,191,24,52.2,negative,not_done
2026-08-21,Busia,65+,0,0,0,0,211,36,8.2,not_done,not_done
2026-08-21,Busia,25-44,0,0,0,0,167,20,5.0,not_done,not_done
2026-08-21,Bungoma,45-64,0,0,0,0,263,46,9.9,not_done,not_done
2026-08-21,Bungoma,5-14,1,0,1,0,165,13,21.6,negative,negative
2026-08-21,Bungoma,65+,0,0,0,0,309,5,5.6,not_done,not_done
2026-08-21,Bungoma,25-44,0,1,0,0,223,29,0.5,not_done,not_done
2026-08-21,Bungoma,65+,0,0,0,1,192,43,0.5,not_done,not_done
2026-08-21,Bungoma,25-44,1,0,0,0,174,30,24.0,negative,not_done
2026-08-21,Bungoma,15-24,0,0,0,0,288,43,3.8,not_done,not_done
2026-08-21,Bungoma,5-14,0,0,0,0,234,40,10.8,not_done,not_done
2026-08-21,Bungoma,25-44,0,0,0,0,256,32,2.9,not_done,not_done
2026-08-21,Nairobi,5-14,1,0,0,0,208,43,24.5,negative,not_done
2026-08-21,Nairobi,25-44,0,0,0,0,214,32,0.5,not_done,not_done
2026-08-21,Nairobi,0-4,0,0,0,0,264,18,4.0,not_done,not_done
2026-08-21,Nakuru,45-64,1,0,0,0,223,31,33.0,negative,not_done
2026-08-21,Nakuru,15-24,0,0,0,0,264,5,2.1,not_done,not_done
2026-08-21,Nakuru,5-14,0,0,0,0,310,41,6.0,not_done,not_done
2026-08-21,Nakuru,25-44,0,0,0,0,233,34,0.5,not_done,not_done
2026-08-21,Nakuru,0-4,0,0,0,0,298,32,8.5,not_done,not_done
2026-08-21,Nakuru,15-24,0,0,0,0,235,30,2.5,not_done,not_done
2026-08-21,Nakuru,5-14,0,0,0,0,262,25,2.3,not_done,not_done
2026-08-22,Busia,15-24,1,0,0,0,228,29,22.6,negative,not_done
2026-08-22,Busia,45-64,0,0,0,0,241,16,7.5,not_done,not_done
2026-08-22,Busia,0-4,0,0,0,0,136,25,8.1,not_done,not_done
2026-08-22,Busia,45-64,0,0,0,0,251,31,5.0,not_done,not_done
2026-08-22,Busia,25-44,0,0,0,0,262,37,3.7,not_done,not_done
2026-08-22,Bungoma,0-4,1,0,0,0,277,21,15.3,negative,not_done
2026-08-22,Bungoma,15-24,0,0,0,0,331,15,4.2,negative,not_done
2026-08-22,Bungoma,5-14,0,0,0,0,262,17,3.8,not_done,not_done
2026-08-22,Bungoma,25-44,0,0,0,0,252,45,4.1,negative,not_done
2026-08-22,Bungoma,45-64,0,0,0,0,281,18,9.7,not_done,not_done
2026-08-22,Bungoma,25-44,0,0,0,0,198,27,1.1,not_done,not_done
2026-08-22,Nairobi,5-14,0,0,0,0,312,24,6.9,not_done,not_done
2026-08-22,Nairobi,45-64,0,0,0,0,344,35,4.3,not_done,not_done
2026-08-22,Nairobi,45-64,1,0,0,0,204,49,29.8,negative,not_done
2026-08-22,Nairobi,5-14,0,0,0,0,338,21,5.2,not_done,not_done
2026-08-22,Nairobi,25-44,0,0,1,0,312,22,8.7,not_done,not_done
2026-08-22,Nakuru,0-4,0,0,0,0,214,22,6.8,not_done,not_done
2026-08-22,Nakuru,25-44,0,0,0,0,310,29,4.3,not_done,not_done
2026-08-22,Nakuru,45-64,0,0,0,0,288,26,7.3,not_done,not_done
2026-08-22,Nakuru,65+,0,0,1,0,231,18,7.8,not_done,not_done
2026-08-22,Nakuru,15-24,0,0,0,0,203,20,4.0,not_done,not_done
2026-08-23,Busia,15-24,0,0,0,0,242,31,3.7,negative,not_done
2026-08-23,Busia,0-4,0,0,1,0,204,32,1.9,not_done,not_done
2026-08-23,Busia,65+,0,0,0,0,305,26,2.8,not_done,not_done
2026-08-23,Bungoma,25-44,0,0,0,0,402,23,1.8,not_done,not_done
2026-08-23,Bungoma,25-44,0,0,0,0,250,14,2.6,not_done,not_done
2026-08-23,Bungoma,25-44,0,0,0,0,239,11,0.5,not_done,not_done
2026-08-23,Bungoma,45-64,0,0,0,0,298,23,4.6,not_done,not_done
2026-08-23,Bungoma,0-4,0,0,0,1,317,22,6.0,not_done,not_done
2026-08-23,Bungoma,0-4,0,0,1,0,323,20,5.9,not_done,negative
2026-08-23,Bungoma,5-14,0,0,0,0,252,46,4.4,not_done,not_done
2026-08-23,Bungoma,15-24,0,0,0,0,182,37,8.5,not_done,not_done
2026-08-23,Bungoma,5-14,0,0,0,0,147,13,5.8,not_done,not_done
2026-08-23,Bungoma,5-14,0,0,1,0,203,37,6.4,not_done,not_done
2026-08-23,Nairobi,65+,0,0,0,0,303,31,8.6,not_done,not_done
2026-08-23,Nairobi,5-14,1,1,0,0,166,19,28.0,negative,not_done
2026-08-23,Nairobi,5-14,0,0,0,0,364,31,5.8,not_done,not_done
2026-08-23,Nakuru,5-14,0,0,0,0,255,41,5.4,not_done,not_done
2026-08-23,Nakuru,5-14,0,0,0,0,211,21,3.1,not_done,not_done
2026-08-23,Nakuru,25-44,0,0,0,0,226,29,8.4,not_done,not_done
2026-08-23,Nakuru,45-64,0,0,0,0,178,34,3.9,not_done,not_done
2026-08-24,Busia,15-24,0,0,0,0,292,41,6.4,not_done,not_done
2026-08-24,Bungoma,65+,0,0,0,0,284,15,1.1,not_done,not_done
2026-08-24,Bungoma,25-44,0,0,0,0,182,34,7.3,not_done,not_done
2026-08-24,Bungoma,45-64,0,0,0,0,305,24,8.9,not_done,not_done
2026-08-24,Bungoma,0-4,1,0,1,0,309,25,31.4,negative,not_done
2026-08-24,Bungoma,25-44,0,0,0,0,234,21,8.4,not_done,not_done
2026-08-24,Nairobi,25-44,0,0,0,1,261,22,0.5,not_done,not_done
2026-08-24,Nairobi,65+,0,0,1,0,243,55,7.5,not_done,not_done
2026-08-24,Nairobi,25-44,1,0,1,1,285,28,17.2,not_done,not_done
2026-08-24,Nairobi,5-14,0,0,0,0,243,41,3.6,not_done,not_done
2026-08-24,Nairobi,25-44,0,0,0,0,153,27,4.4,not_done,not_done
2026-08-24,Nakuru,25-44,0,0,0,0,255,8,0.8,not_done,not_done
2026-08-24,Nakuru,5-14,0,0,0,0,261,40,7.8,not_done,not_done
2026-08-24,Nakuru,15-24,0,0,0,0,228,52,6.5,not_done,not_done
2026-08-24,Nakuru,5-14,0,1,0,0,205,41,3.7,not_done,not_done
2026-08-24,Nakuru,0-4,0,0,1,0,144,30,1.9,not_done,not_done
2026-08-24,Nakuru,0-4,0,0,0,0,195,41,2.5,not_done,not_done
2026-08-24,Nakuru,65+,0,0,0,0,349,41,5.1,not_done,not_done
2026-08-25,Busia,45-64,0,0,0,0,210,24,10.2,not_done,not_done
2026-08-25,Busia,15-24,0,0,0,0,256,22,12.2,not_done,not_done
2026-08-25,Busia,25-44,0,0,0,0,259,5,9.0,not_done,not_done
2026-08-25,Bungoma,5-14,1,0,0,0,271,23,35.4,negative,not_done
2026-08-25,Bungoma,15-24,1,0,0,0,251,22,27.5,negative,not_done
2026-08-25,Bungoma,25-44,0,0,0,0,228,17,2.4,not_done,not_done
2026-08-25,Bungoma,45-64,0,0,0,0,225,13,8.1,not_done,not_done
2026-08-25,Bungoma,5-14,1,0,0,0,194,15,28.4,not_done,not_done
2026-08-25,Bungoma,45-64,0,0,0,0,263,29,6.4,not_done,not_done
2026-08-25,Bungoma,25-44,0,0,0,0,305,9,9.9,not_done,not_done
2026-08-25,Nairobi,5-14,0,0,0,0,217,18,2.4,not_done,not_done
2026-08-25,Nairobi,15-24,0,0,1,0,254,26,1.5,not_done,not_done
2026-08-25,Nairobi,0-4,0,0,0,0,268,33,7.8,not_done,not_done
2026-08-25,Nairobi,45-64,0,0,0,0,252,36,9.6,not_done,not_done
2026-08-25,Nairobi,5-14,0,0,0,1,193,27,7.4,not_done,not_done
2026-08-25,Nairobi,65+,0,0,0,0,256,23,6.3,not_done,not_done
2026-08-25,Nakuru,25-44,0,0,0,0,278,16,6.4,not_done,not_done
2026-08-25,Nakuru,45-64,0,0,0,0,214,36,2.6,not_done,not_done
2026-08-25,Nakuru,25-44,0,0,0,0,232,18,3.7,not_done,not_done
2026-08-25,Nakuru,5-14,0,0,0,0,316,36,1.5,not_done,not_done
2026-08-25,Nakuru,15-24,0,0,0,0,293,39,4.0,not_done,not_done
2026-08-25,Nakuru,25-44,1,0,0,0,138,39,29.2,negative,not_done
2026-08-26,Busia,15-24,0,0,0,0,277,25,3.2,not_done,positive
2026-08-26,Busia,0-4,0,0,0,0,229,37,0.5,not_done,not_done
2026-08-26,Bungoma,45-64,1,0,1,0,297,35,17.4,negative,not_done
2026-08-26,Bungoma,25-44,1,0,0,0,283,32,18.8,positive,not_done
2026-08-26,Bungoma,45-64,0,0,1,0,322,12,10.6,not_done,not_done
2026-08-26,Bungoma,5-14,0,1,1,0,272,20,5.1,not_done,not_done
2026-08-26,Bungoma,5-14,0,0,0,1,350,35,1.6,not_done,not_done
2026-08-26,Bungoma,0-4,0,0,0,0,221,30,1.2,not_done,not_done
2026-08-26,Bungoma,5-14,0,0,0,0,235,20,3.3,not_done,not_done
2026-08-26,Nairobi,0-4,1,0,0,0,250,33,17.7,negative,not_done
2026-08-26,Nairobi,25-44,0,0,1,0,248,29,4.1,not_done,not_done
2026-08-26,Nairobi,0-4,0,0,0,0,269,43,1.6,not_done,not_done
2026-08-26,Nakuru,5-14,0,0,0,0,233,55,5.4,not_done,not_done
2026-08-26,Nakuru,0-4,0,0,0,0,298,35,6.4,not_done,not_done
2026-08-26,Nakuru,25-44,1,0,0,0,259,29,9.5,negative,negative
2026-08-27,Busia,45-64,0,0,0,0,198,32,5.0,positive,not_done
2026-08-27,Busia,0-4,0,0,0,0,345,32,3.1,not_done,not_done
2026-08-27,Busia,15-24,1,1,0,0,198,45,22.1,not_done,not_done
2026-08-27,Busia,15-24,0,0,1,0,215,10,7.0,negative,not_done
2026-08-27,Busia,25-44,0,0,0,0,242,22,5.3,negative,not_done
2026-08-27,Busia,0-4,0,0,0,0,248,17,8.3,not_done,not_done
2026-08-27,Busia,15-24,0,0,0,0,339,31,0.5,not_done,not_done
2026-08-27,Busia,0-4,0,0,0,0,304,39,2.2,not_done,not_done
2026-08-27,Busia,15-24,0,0,0,0,214,26,9.0,negative,not_done
2026-08-27,Bungoma,5-14,1,0,0,0,194,37,18.7,not_done,not_done
2026-08-27,Bungoma,65+,0,0,1,0,236,20,3.2,not_done,not_done
2026-08-27,Bungoma,45-64,0,0,0,0,286,5,3.7,not_done,not_done
2026-08-27,Bungoma,25-44,1,0,0,0,278,35,30.1,negative,not_done
2026-08-27,Nairobi,5-14,0,0,0,0,238,5,3.1,positive,not_done
2026-08-27,Nairobi,25-44,0,0,0,0,299,45,0.5,not_done,not_done
2026-08-27,Nairobi,15-24,0,0,0,0,262,26,0.5,not_done,not_done
2026-08-27,Nairobi,45-64,0,0,0,0,170,45,2.5,not_done,not_done
2026-08-27,Nairobi,5-14,0,0,0,0,254,39,6.3,not_done,not_done
2026-08-27,Nairobi,0-4,0,0,0,0,310,32,4.9,not_done,not_done
2026-08-27,Nakuru,5-14,0,0,0,0,254,42,8.3,not_done,not_done
2026-08-27,Nakuru,15-24,1,0,0,0,244,14,9.9,not_done,not_done
2026-08-27,Nakuru,15-24,0,0,0,0,221,42,1.5,not_done,not_done
2026-08-27,Nakuru,5-14,1,0,0,0,265,17,25.0,positive,not_done
2026-08-28,Busia,0-4,0,0,1,0,226,31,7.3,not_done,not_done
2026-08-28,Busia,15-24,1,0,0,0,331,45,3.1,not_done,not_done
2026-08-28,Busia,25-44,0,0,0,0,298,29,4.8,not_done,negative
2026-08-28,Busia,25-44,0,0,0,0,207,30,3.8,not_done,not_done
2026-08-28,Bungoma,45-64,0,0,0,0,183,25,2.2,not_done,not_done
2026-08-28,Bungoma,15-24,0,0,0,0,216,24,3.7,not_done,not_done
2026-08-28,Bungoma,0-4,0,0,0,0,218,19,5.5,not_done,not_done
2026-08-28,Bungoma,5-14,0,0,1,0,180,39,3.3,not_done,not_done
2026-08-28,Bungoma,25-44,0,1,0,0,368,30,6.1,not_done,not_done
2026-08-28,Bungoma,65+,0,0,0,0,233,21,1.4,not_done,not_done
2026-08-28,Nairobi,15-24,1,0,0,0,319,27,0.5,not_done,not_done
2026-08-28,Nairobi,65+,0,0,0,0,292,24,3.5,not_done,not_done
2026-08-28,Nairobi,15-24,0,0,0,0,349,33,10.4,not_done,not_done
2026-08-28,Nairobi,15-24,0,0,0,0,172,24,4.9,not_done,not_done
2026-08-28,Nairobi,0-4,0,0,0,0,193,46,10.6,not_done,not_done
2026-08-28,Nairobi,0-4,0,0,0,0,253,28,6.8,not_done,not_done
2026-08-28,Nakuru,0-4,0,0,1,0,256,27,0.5,not_done,not_done
2026-08-28,Nakuru,5-14,0,0,0,0,182,46,1.7,not_done,not_done
2026-08-29,Busia,0-4,1,0,0,0,356,16,16.5,negative,not_done
2026-08-29,Busia,65+,0,0,0,0,288,29,0.5,not_done,not_done
2026-08-29,Busia,5-14,0,0,0,0,242,18,7.4,not_done,not_done
2026-08-29,Busia,5-14,0,0,1,0,232,22,10.6,not_done,not_done
2026-08-29,Busia,25-44,0,0,0,0,281,27,4.2,not_done,not_done
2026-08-29,Busia,25-44,0,0,0,0,275,28,6.1,not_done,not_done
2026-08-29,Bungoma,0-4,0,0,0,0,202,34,5.5,not_done,not_done
2026-08-29,Bungoma,25-44,0,0,0,0,206,24,5.6,not_done,not_done
2026-08-29,Bungoma,0-4,0,0,0,0,322,15,9.0,not_done,not_done
2026-08-29,Nairobi,25-44,0,0,1,0,244,16,7.6,not_done,not_done
2026-08-29,Nairobi,5-14,0,0,0,0,228,28,5.1,not_done,not_done
2026-08-29,Nairobi,25-44,1,0,0,0,284,24,29.8,negative,not_done
2026-08-29,Nairobi,25-44,0,0,0,0,274,33,2.0,not_done,not_done
2026-08-29,Nairobi,45-64,0,0,0,0,281,33,6.7,not_done,not_done
2026-08-29,Nairobi,65+,0,0,1,0,194,28,0.5,not_done,not_done
2026-08-29,Nairobi,15-24,0,0,0,0,270,34,2.6,negative,not_done
2026-08-29,Nairobi,65+,0,1,1,0,221,31,1.8,not_done,not_done
2026-08-29,Nakuru,25-44,0,0,0,0,270,28,3.5,not_done,not_done
2026-08-29,Nakuru,25-44,0,0,0,0,197,16,0.5,not_done,not_done
2026-08-29,Nakuru,5-14,0,0,0,0,162,26,0.8,not_done,not_done
2026-08-29,Nakuru,5-14,1,0,1,0,263,33,12.7,not_done,not_done
2026-08-29,Nakuru,5-14,0,0,1,0,240,20,0.7,not_done,not_done
2026-08-29,Nakuru,65+,0,0,0,0,181,43,3.5,not_done,not_done
2026-08-29,Nakuru,15-24,0,0,0,0,225,18,8.2,not_done,not_done
2026-08-30,Busia,15-24,1,0,0,0,230,5,18.1,negative,not_done
2026-08-30,Busia,15-24,0,0,0,1,301,22,2.7,not_done,not_done
2026-08-30,Busia,5-14,1,0,1,0,140,24,19.7,negative,negative
2026-08-30,Busia,15-24,0,0,0,0,250,22,7.4,not_done,not_done
2026-08-30,Busia,5-14,0,0,0,0,196,46,1.0,not_done,not_done
2026-08-30,Busia,25-44,0,0,0,0,211,33,4.1,not_done,not_done
2026-08-30,Busia,65+,0,0,1,0,308,35,8.8,not_done,not_done
2026-08-30,Busia,45-64,0,0,0,0,344,29,9.9,not_done,not_done
2026-08-30,Busia,15-24,0,0,0,0,278,38,2.6,not_done,not_done
2026-08-30,Bungoma,65+,0,0,0,0,246,50,6.1,not_done,not_done
2026-08-30,Bungoma,25-44,1,0,0,1,273,23,19.9,not_done,not_done
2026-08-30,Bungoma,45-64,0,0,0,0,236,30,5.3,not_done,not_done
2026-08-30,Nairobi,5-14,0,0,0,0,289,21,7.6,not_done,not_done
2026-08-30,Nakuru,0-4,0,0,0,0,322,24,4.6,not_done,not_done
2026-08-30,Nakuru,15-24,1,0,1,0,235,15,10.6,not_done,not_done
2026-08-30,Nakuru,15-24,0,0,1,0,286,26,2.6,not_done,not_done
2026-08-30,Nakuru,15-24,0,0,0,0,219,35,10.6,not_done,not_done
2026-08-30,Nakuru,45-64,0,0,0,0,326,27,0.5,not_done,not_done
2026-08-31,Busia,15-24,0,0,0,0,216,16,6.4,not_done,not_done
2026-08-31,Busia,5-14,1,0,0,0,224,34,36.5,negative,not_done
2026-08-31,Busia,45-64,0,0,0,0,272,29,5.4,not_done,not_done
2026-08-31,Busia,15-24,0,0,0,1,221,34,7.1,negative,not_done
2026-08-31,Bungoma,25-44,0,0,0,0,274,34,6.6,not_done,not_done
2026-08-31,Bungoma,5-14,1,0,0,0,211,25,0.5,negative,negative
2026-08-31,Bungoma,5-14,0,0,1,0,304,57,2.9,not_done,not_done
2026-08-31,Bungoma,25-44,0,0,0,0,299,37,7.4,not_done,not_done
2026-08-31,Bungoma,65+,0,0,1,0,260,43,2.7,not_done,not_done
2026-08-31,Bungoma,45-64,0,0,0,0,218,18,4.2,not_done,not_done
2026-08-31,Bungoma,5-14,0,0,0,0,192,27,8.2,positive,not_done
2026-08-31,Nairobi,25-44,0,0,0,0,244,44,7.3,not_done,not_done
2026-08-31,Nairobi,0-4,0,0,0,0,194,46,4.3,not_done,not_done
2026-08-31,Nairobi,25-44,0,0,1,0,289,13,2.0,not_done,not_done
2026-08-31,Nairobi,25-44,0,0,0,0,357,14,6.5,not_done,not_done
2026-08-31,Nairobi,25-44,0,0,1,0,202,19,6.8,not_done,not_done
2026-08-31,Nakuru,45-64,0,0,0,0,269,34,5.7,not_done,not_done
2026-08-31,Nakuru,45-64,0,0,0,0,312,18,3.7,not_done,not_done
2026-09-01,Busia,15-24,1,0,0,0,251,5,22.9,negative,not_done
2026-09-01,Busia,15-24,0,0,0,0,281,38,1.5,negative,not_done
2026-09-01,Busia,45-64,0,0,0,0,222,29,1.3,not_done,not_done
2026-09-01,Busia,15-24,0,0,1,1,321,11,8.7,not_done,not_done
2026-09-01,Busia,25-44,0,0,0,0,307,17,8.1,not_done,not_done
2026-09-01,Busia,45-64,0,0,0,0,249,57,13.1,not_done,not_done
2026-09-01,Busia,25-44,0,0,0,0,162,15,3.8,not_done,not_done
2026-09-01,Bungoma,5-14,1,0,1,0,304,21,31.4,positive,not_done
2026-09-01,Bungoma,25-44,0,0,0,0,281,31,5.1,not_done,not_done
2026-09-01,Bungoma,25-44,0,0,0,0,296,32,5.4,not_done,not_done
2026-09-01,Bungoma,5-14,1,0,1,0,329,40,8.4,negative,not_done
2026-09-01,Bungoma,5-14,1,0,1,0,246,17,28.9,not_done,not_done
2026-09-01,Bungoma,25-44,0,0,0,0,215,42,3.9,negative,not_done
2026-09-01,Bungoma,0-4,0,0,0,0,261,26,6.9,not_done,not_done
2026-09-01,Bungoma,45-64,0,0,0,0,264,12,13.8,not_done,negative
2026-09-01,Nairobi,15-24,0,0,1,0,293,26,9.4,not_done,not_done
2026-09-01,Nairobi,5-14,0,0,0,0,130,45,0.5,not_done,not_done
2026-09-01,Nairobi,15-24,1,0,0,0,164,33,12.2,negative,not_done
2026-09-01,Nairobi,0-4,0,0,0,0,295,24,0.5,not_done,not_done
2026-09-01,Nairobi,25-44,0,0,1,0,266,11,9.9,not_done,not_done
2026-09-01,Nairobi,25-44,0,0,0,0,240,29,6.4,not_done,not_done
2026-09-01,Nakuru,25-44,0,0,0,0,302,28,3.5,negative,not_done
2026-09-01,Nakuru,5-14,0,0,0,0,250,40,0.5,not_done,not_done
2026-09-01,Nakuru,15-24,1,0,0,0,272,39,25.2,not_done,not_done
2026-09-01,Nakuru,45-64,0,0,0,0,258,48,4.5,not_done,not_done
2026-09-01,Nakuru,15-24,1,0,0,0,254,34,13.8,positive,not_done
2026-09-01,Nakuru,15-24,0,0,0,0,260,33,9.3,not_done,not_done
2026-09-01,Nakuru,25-44,0,0,0,0,257,55,5.0,not_done,not_done
2026-09-02,Busia,0-4,1,0,0,0,281,31,23.9,positive,not_done
2026-09-02,Busia,15-24,0,0,1,0,182,31,6.6,not_done,not_done
2026-09-02,Bungoma,5-14,0,0,0,1,248,40,5.1,not_done,not_done
2026-09-02,Bungoma,45-64,0,0,1,0,340,26,10.5,not_done,not_done
2026-09-02,Bungoma,15-24,0,0,0,0,275,9,4.2,not_done,not_done
2026-09-02,Bungoma,0-4,1,0,0,0,212,42,22.7,negative,not_done
2026-09-02,Bungoma,15-24,0,0,1,0,274,33,5.4,not_done,not_done
2026-09-02,Bungoma,15-24,0,0,0,0,197,23,8.1,not_done,not_done
2026-09-02,Nairobi,5-14,0,0,0,0,330,25,10.8,not_done,not_done
2026-09-02,Nairobi,15-24,0,0,0,0,281,29,8.4,not_done,not_done
2026-09-02,Nairobi,25-44,0,0,0,0,259,30,3.0,not_done,not_done
2026-09-02,Nairobi,5-14,1,0,0,0,168,24,17.9,not_done,not_done
2026-09-02,Nairobi,25-44,1,0,0,0,293,18,10.2,negative,not_done
2026-09-02,Nakuru,0-4,0,0,0,0,314,42,1.1,not_done,not_done
2026-09-02,Nakuru,15-24,0,0,0,0,269,7,1.2,not_done,not_done
2026-09-02,Nakuru,0-4,0,0,0,0,353,30,8.3,not_done,not_done
2026-09-02,Nakuru,15-24,1,0,0,0,203,36,23.7,negative,not_done
2026-09-02,Nakuru,25-44,0,0,0,0,273,42,1.8,not_done,not_done
2026-09-02,Nakuru,15-24,0,0,0,0,265,33,0.5,not_done,not_done
2026-09-02,Nakuru,25-44,0,0,0,0,210,29,2.3,not_done,not_done
2026-09-02,Nakuru,5-14,0,0,0,0,277,21,6.8,not_done,not_done
2026-09-02,Nakuru,5-14,1,0,0,0,297,45,34.0,negative,not_done
2026-09-03,Busia,25-44,0,0,0,0,257,35,3.2,not_done,not_done
2026-09-03,Busia,5-14,0,0,0,0,149,33,9.4,positive,not_done
2026-09-03,Busia,15-24,0,1,0,0,301,21,7.6,negative,not_done
2026-09-03,Busia,45-64,0,0,0,0,230,22,6.3,not_done,not_done
2026-09-03,Busia,45-64,0,0,0,0,313,24,4.9,not_done,not_done
2026-09-03,Busia,25-44,0,0,1,0,274,30,5.9,not_done,not_done
2026-09-03,Bungoma,5-14,0,0,0,0,250,30,2.0,not_done,not_done
2026-09-03,Bungoma,25-44,0,0,0,0,178,25,10.4,not_done,not_done
2026-09-03,Bungoma,5-14,0,0,0,0,215,7,0.5,not_done,not_done
2026-09-03,Bungoma,25-44,0,0,0,0,291,15,3.6,not_done,not_done
2026-09-03,Nairobi,0-4,0,0,0,0,313,35,4.7,not_done,not_done
2026-09-03,Nairobi,5-14,0,0,0,0,260,8,7.8,not_done,not_done
2026-09-03,Nairobi,45-64,0,0,0,1,255,41,11.2,not_done,not_done
2026-09-03,Nairobi,25-44,0,0,0,1,214,48,0.5,not_done,not_done
2026-09-03,Nairobi,5-14,0,0,0,0,272,34,6.9,not_done,not_done
2026-09-03,Nairobi,5-14,1,0,1,0,264,24,11.1,positive,not_done
2026-09-03,Nakuru,25-44,1,0,0,0,278,28,28.8,positive,not_done
2026-09-03,Nakuru,25-44,0,0,0,0,182,19,4.7,not_done,not_done
2026-09-03,Nakuru,0-4,0,0,0,0,334,44,0.5,not_done,not_done
2026-09-04,Busia,45-64,0,0,0,0,141,25,5.4,not_done,not_done
2026-09-04,Busia,0-4,0,0,0,0,234,19,8.2,not_done,not_done
2026-09-04,Busia,65+,0,0,0,0,209,27,3.6,not_done,not_done
2026-09-04,Busia,45-64,0,0,0,0,293,10,2.7,not_done,not_done
2026-09-04,Busia,5-14,0,0,0,0,173,15,3.1,not_done,not_done
2026-09-04,Busia,5-14,0,0,0,0,250,17,6.7,not_done,not_done
2026-09-04,Bungoma,5-14,0,0,0,0,184,17,7.6,not_done,not_done
2026-09-04,Bungoma,0-4,1,0,0,0,300,12,0.5,negative,not_done
2026-09-04,Bungoma,25-44,0,0,0,0,263,32,3.6,not_done,not_done
2026-09-04,Bungoma,25-44,0,1,0,0,246,12,5.6,not_done,not_done
2026-09-04,Bungoma,5-14,0,0,1,0,276,21,6.0,not_done,not_done
2026-09-04,Bungoma,65+,1,0,0,0,218,19,19.4,negative,not_done
2026-09-04,Nairobi,25-44,0,0,0,0,309,40,2.6,negative,not_done
2026-09-04,Nakuru,5-14,0,1,0,0,252,13,9.3,not_done,not_done
2026-09-04,Nakuru,65+,0,0,0,0,360,42,4.6,not_done,not_done
2026-09-04,Nakuru,25-44,0,0,1,0,225,35,1.2,not_done,not_done
2026-09-04,Nakuru,5-14,0,0,0,0,189,33,5.8,not_done,not_done
2026-09-04,Nakuru,45-64,0,0,0,0,179,36,7.1,not_done,not_done
2026-09-04,Nakuru,0-4,0,0,1,0,145,20,2.5,not_done,not_done
2026-09-05,Busia,5-14,0,0,0,0,343,41,4.5,not_done,not_done
2026-09-05,Busia,65+,0,0,0,0,307,18,2.2,not_done,not_done
2026-09-05,Bungoma,25-44,0,0,0,0,346,28,4.8,not_done,not_done
2026-09-05,Bungoma,5-14,0,0,0,0,293,41,8.5,negative,not_done
2026-09-05,Bungoma,0-4,1,0,0,0,256,28,23.5,negative,not_done
2026-09-05,Bungoma,0-4,0,0,0,1,308,31,1.3,not_done,not_done
2026-09-05,Nairobi,65+,0,0,0,0,279,35,7.9,not_done,not_done
2026-09-05,Nairobi,45-64,0,0,0,0,259,15,6.9,not_done,not_done
2026-09-05,Nairobi,15-24,1,0,0,0,265,14,21.0,negative,not_done
2026-09-05,Nairobi,5-14,0,0,0,0,196,22,2.6,not_done,not_done
2026-09-05,Nakuru,5-14,0,0,0,0,277,34,6.8,not_done,not_done
2026-09-05,Nakuru,15-24,1,0,0,1,187,24,29.6,not_done,not_done
2026-09-06,Busia,15-24,0,0,0,0,307,31,5.4,not_done,not_done
2026-09-06,Busia,45-64,0,0,0,0,262,28,5.2,not_done,not_done
2026-09-06,Busia,5-14,0,0,0,0,258,56,0.8,not_done,not_done
2026-09-06,Busia,25-44,0,0,0,0,266,23,6.3,not_done,not_done
2026-09-06,Busia,25-44,0,0,0,0,230,15,4.3,negative,not_done
2026-09-06,Busia,5-14,0,0,0,0,158,21,10.6,negative,not_done
2026-09-06,Bungoma,5-14,0,0,0,0,337,33,7.6,not_done,not_done
2026-09-06,Bungoma,5-14,1,0,0,0,197,18,27.6,negative,not_done
2026-09-06,Bungoma,25-44,0,0,0,0,281,32,10.0,negative,not_done
2026-09-06,Bungoma,15-24,0,0,1,0,360,17,8.2,not_done,not_done
2026-09-06,Bungoma,5-14,1,0,0,1,334,41,12.0,negative,not_done
2026-09-06,Bungoma,65+,1,0,0,0,246,32,14.2,negative,not_done
2026-09-06,Nairobi,5-14,0,0,0,0,184,46,9.7,not_done,not_done
2026-09-06,Nairobi,25-44,1,0,0,0,362,25,35.5,positive,not_done
2026-09-06,Nairobi,0-4,0,0,0,0,226,28,11.5,not_done,not_done
2026-09-06,Nakuru,15-24,0,0,0,0,252,19,1.3,not_done,not_done
2026-09-06,Nakuru,0-4,0,0,0,0,278,26,7.0,not_done,not_done
2026-09-06,Nakuru,45-64,0,0,0,0,224,33,5.5,not_done,not_done
2026-09-06,Nakuru,5-14,0,0,0,0,316,17,5.5,not_done,not_done
2026-09-07,Busia,25-44,0,0,0,0,254,18,6.8,not_done,not_done
2026-09-07,Busia,25-44,0,0,0,0,178,26,5.2,not_done,not_done
2026-09-07,Busia,15-24,0,0,0,1,270,30,0.5,not_done,not_done
2026-09-07,Bungoma,15-24,0,0,0,0,342,44,10.3,not_done,not_done
2026-09-07,Bungoma,0-4,0,0,0,1,337,41,5.3,negative,not_done
2026-09-07,Bungoma,15-24,0,0,1,0,262,6,0.5,not_done,not_done
2026-09-07,Bungoma,15-24,0,0,0,0,171,18,3.0,not_done,not_done
2026-09-07,Bungoma,0-4,0,0,1,0,278,35,6.6,negative,not_done
2026-09-07,Nairobi,45-64,0,0,0,0,233,22,4.1,not_done,not_done
2026-09-07,Nairobi,25-44,0,0,1,0,228,5,6.3,not_done,not_done
2026-09-07,Nairobi,45-64,0,0,0,0,245,46,6.6,not_done,not_done
2026-09-07,Nairobi,45-64,0,0,0,0,326,40,5.1,not_done,not_done
2026-09-07,Nairobi,5-14,0,0,0,0,282,28,4.3,not_done,not_done
2026-09-07,Nakuru,5-14,0,0,0,0,248,25,6.7,not_done,not_done
2026-09-07,Nakuru,45-64,0,0,0,0,386,22,2.5,not_done,not_done
2026-09-08,Busia,25-44,1,0,0,0,299,35,25.3,not_done,not_done
2026-09-08,Busia,25-44,0,0,0,0,215,25,4.3,not_done,not_done
2026-09-08,Busia,25-44,0,0,0,0,227,30,8.2,not_done,not_done
2026-09-08,Busia,5-14,0,0,1,0,230,43,10.5,not_done,not_done
2026-09-08,Bungoma,45-64,0,0,0,0,263,42,4.0,not_done,not_done
2026-09-08,Bungoma,15-24,0,1,0,0,251,22,3.5,not_done,not_done
2026-09-08,Bungoma,5-14,0,0,0,0,377,9,2.1,not_done,not_done
2026-09-08,Bungoma,15-24,0,0,0,0,256,24,3.0,not_done,not_done
2026-09-08,Bungoma,15-24,0,0,0,0,211,14,7.3,not_done,not_done
2026-09-08,Bungoma,5-14,1,0,1,0,255,25,27.4,negative,not_done
2026-09-08,Nairobi,45-64,1,0,0,0,308,15,16.1,not_done,not_done
2026-09-08,Nairobi,25-44,0,0,0,0,335,6,2.5,not_done,not_done
2026-09-08,Nairobi,65+,0,0,0,0,334,39,7.1,not_done,not_done
2026-09-08,Nairobi,5-14,0,0,0,0,157,41,11.0,not_done,not_done
2026-09-08,Nakuru,15-24,1,0,1,0,269,56,20.9,positive,not_done
2026-09-08,Nakuru,5-14,0,0,0,0,283,16,2.5,not_done,not_done
2026-09-08,Nakuru,5-14,0,0,0,0,201,32,3.6,not_done,not_done
2026-09-08,Nakuru,15-24,0,0,0,0,189,5,4.0,negative,not_done
2026-09-08,Nakuru,25-44,0,0,0,0,219,26,4.8,not_done,not_done
2026-09-08,Nakuru,25-44,0,0,0,0,305,32,3.9,not_done,not_done
2026-09-09,Busia,0-4,0,0,0,0,302,22,3.0,not_done,not_done
2026-09-09,Busia,0-4,0,0,0,0,251,40,4.4,not_done,not_done
2026-09-09,Busia,5-14,0,0,0,0,175,27,1.5,negative,not_done
2026-09-09,Busia,15-24,0,0,0,0,237,26,7.8,not_done,not_done
2026-09-09,Busia,25-44,0,0,0,1,205,39,2.5,negative,not_done
2026-09-09,Busia,25-44,0,0,1,0,288,23,6.3,not_done,not_done
2026-09-09,Busia,0-4,1,0,0,0,222,41,20.9,negative,not_done
2026-09-09,Busia,5-14,1,0,0,0,299,37,30.1,negative,not_done
2026-09-09,Busia,45-64,0,0,0,0,294,35,6.8,not_done,not_done
2026-09-09,Busia,15-24,0,0,0,0,286,27,0.5,not_done,not_done
2026-09-09,Bungoma,25-44,0,0,0,0,351,27,3.7,not_done,not_done
2026-09-09,Bungoma,5-14,1,0,1,0,288,40,35.9,negative,not_done
2026-09-09,Bungoma,5-14,1,0,0,0,258,11,19.8,positive,negative
2026-09-09,Bungoma,45-64,1,1,0,0,300,15,30.2,not_done,not_done
2026-09-09,Bungoma,45-64,0,0,0,0,305,30,0.5,not_done,negative
2026-09-09,Nairobi,0-4,0,0,0,0,271,30,6.0,not_done,not_done
2026-09-09,Nairobi,45-64,1,0,0,0,227,28,18.6,negative,not_done
2026-09-09,Nairobi,0-4,0,0,0,0,279,41,5.3,not_done,not_done
2026-09-09,Nairobi,15-24,0,0,0,0,300,12,10.4,not_done,not_done
2026-09-09,Nairobi,0-4,0,0,0,0,318,11,0.8,not_done,not_done
2026-09-09,Nairobi,15-24,0,1,0,0,312,40,6.0,negative,not_done
2026-09-09,Nairobi,0-4,0,0,0,0,241,40,8.6,not_done,not_done
2026-09-09,Nakuru,25-44,1,0,0,0,248,19,21.5,not_done,not_done
2026-09-09,Nakuru,45-64,0,0,0,0,226,24,7.6,not_done,not_done
2026-09-09,Nakuru,15-24,0,0,0,0,234,26,7.4,not_done,not_done
2026-09-10,Busia,5-14,0,1,0,0,318,21,5.7,not_done,not_done
2026-09-10,Busia,15-24,0,0,0,0,197,26,6.2,not_done,not_done
2026-09-10,Busia,5-14,0,0,0,0,322,50,4.4,not_done,not_done
2026-09-10,Busia,15-24,0,0,0,0,295,26,0.9,not_done,not_done
2026-09-10,Busia,15-24,0,0,1,0,164,15,5.5,not_done,not_done
2026-09-10,Busia,25-44,1,0,1,1,247,18,15.8,negative,not_done
2026-09-10,Busia,5-14,0,0,0,0,240,22,6.9,not_done,not_done
2026-09-10,Bungoma,15-24,0,0,0,0,179,37,5.9,not_done,not_done
2026-09-10,Bungoma,25-44,0,0,0,0,334,37,8.6,not_done,not_done
2026-09-10,Bungoma,65+,1,0,0,0,184,39,14.7,not_done,not_done
2026-09-10,Bungoma,25-44,0,0,1,0,217,37,6.9,not_done,not_done
2026-09-10,Bungoma,45-64,0,0,0,0,269,35,5.8,not_done,not_done
2026-09-10,Nairobi,45-64,0,0,0,0,292,23,6.2,not_done,not_done
2026-09-10,Nairobi,25-44,0,0,0,0,314,5,3.1,not_done,not_done
2026-09-10,Nairobi,15-24,0,0,0,0,238,28,4.5,not_done,not_done
2026-09-10,Nairobi,45-64,0,0,0,0,247,29,4.4,not_done,not_done
2026-09-10,Nakuru,5-14,0,0,0,1,274,42,1.9,not_done,not_done
2026-09-10,Nakuru,15-24,0,0,1,1,296,38,6.2,not_done,not_done
2026-09-10,Nakuru,25-44,0,0,0,0,224,54,11.6,not_done,not_done
2026-09-11,Busia,25-44,0,0,1,0,216,35,4.3,not_done,not_done
2026-09-11,Busia,25-44,0,0,0,0,174,36,9.6,not_done,not_done
2026-09-11,Bungoma,0-4,0,0,0,0,317,31,0.5,not_done,not_done
2026-09-11,Bungoma,25-44,0,0,0,0,323,12,3.1,not_done,not_done
2026-09-11,Bungoma,45-64,0,0,0,0,262,5,3.3,not_done,not_done
2026-09-11,Bungoma,25-44,0,0,0,0,285,13,5.8,not_done,not_done
2026-09-11,Bungoma,15-24,0,0,0,0,234,34,4.6,not_done,not_done
2026-09-11,Bungoma,5-14,1,0,0,0,206,29,19.8,not_done,not_done
2026-09-11,Nairobi,45-64,0,0,0,0,282,29,7.6,not_done,not_done
2026-09-11,Nairobi,5-14,0,0,0,0,279,20,1.4,not_done,not_done
2026-09-11,Nairobi,5-14,0,0,0,0,155,27,7.4,not_done,not_done
2026-09-11,Nairobi,25-44,0,0,0,0,285,15,4.5,not_done,not_done
2026-09-11,Nairobi,45-64,0,0,1,0,266,37,9.9,not_done,not_done
2026-09-11,Nairobi,25-44,1,0,0,0,149,35,20.4,negative,not_done
2026-09-11,Nakuru,25-44,0,0,0,0,239,25,5.6,not_done,not_done
2026-09-11,Nakuru,5-14,0,0,0,0,326,17,7.8,not_done,not_done
2026-09-11,Nakuru,45-64,1,0,0,0,210,25,17.6,not_done,not_done
2026-09-11,Nakuru,45-64,0,0,0,0,305,38,10.4,not_done,not_done
2026-09-12,Busia,5-14,0,0,1,0,195,8,0.5,not_done,not_done
2026-09-12,Busia,45-64,0,0,0,0,234,28,4.2,not_done,not_done
2026-09-12,Busia,15-24,0,0,0,0,242,25,6.9,not_done,not_done
2026-09-12,Busia,45-64,0,0,0,0,209,41,3.5,not_done,not_done
2026-09-12,Busia,25-44,1,0,0,0,134,29,19.2,positive,not_done
2026-09-12,Busia,45-64,0,0,0,0,311,25,5.0,not_done,not_done
2026-09-12,Busia,45-64,1,1,0,0,441,19,18.9,not_done,not_done
2026-09-12,Busia,65+,0,0,0,0,314,32,1.8,not_done,not_done
2026-09-12,Bungoma,25-44,0,0,1,0,237,31,6.9,negative,not_done
2026-09-12,Bungoma,25-44,0,0,0,0,200,6,5.2,not_done,not_done
2026-09-12,Bungoma,5-14,0,0,1,0,200,13,7.2,not_done,not_done
2026-09-12,Nairobi,45-64,0,0,0,0,263,36,8.7,not_done,not_done
2026-09-12,Nairobi,15-24,0,0,0,0,255,26,9.3,not_done,not_done
2026-09-12,Nairobi,15-24,0,0,1,0,255,16,7.3,not_done,not_done
2026-09-12,Nairobi,15-24,0,0,0,0,208,62,8.0,not_done,not_done
2026-09-12,Nakuru,5-14,0,0,0,0,238,47,4.8,not_done,not_done
2026-09-12,Nakuru,5-14,0,0,0,0,261,33,2.6,not_done,not_done
2026-09-12,Nakuru,5-14,0,0,0,0,240,19,5.1,not_done,not_done
2026-09-12,Nakuru,65+,0,0,0,0,228,31,6.0,not_done,not_done
2026-09-12,Nakuru,15-24,0,0,0,0,261,21,10.5,not_done,not_done
2026-09-12,Nakuru,5-14,0,0,0,0,268,48,9.5,not_done,not_done
2026-09-13,Busia,25-44,0,0,0,0,240,42,4.6,not_done,not_done
2026-09-13,Busia,65+,1,0,0,0,304,22,37.6,not_done,not_done
2026-09-13,Busia,15-24,0,0,0,0,250,39,2.7,not_done,not_done
2026-09-13,Busia,5-14,0,0,0,0,349,16,10.1,not_done,not_done
2026-09-13,Bungoma,15-24,0,0,0,0,288,19,1.9,not_done,not_done
2026-09-13,Bungoma,0-4,1,0,0,0,251,22,15.5,negative,not_done
2026-09-13,Bungoma,5-14,0,0,1,1,188,38,3.4,negative,not_done
2026-09-13,Bungoma,65+,1,0,1,0,327,31,17.3,negative,not_done
2026-09-13,Bungoma,0-4,0,1,1,0,223,48,4.0,not_done,not_done
2026-09-13,Nairobi,45-64,0,0,0,0,303,35,9.0,not_done,not_done
2026-09-13,Nairobi,0-4,1,0,0,0,185,40,14.7,negative,not_done
2026-09-13,Nairobi,25-44,0,1,0,0,158,24,7.7,not_done,not_done
2026-09-13,Nairobi,25-44,1,0,0,0,371,24,4.1,negative,not_done
2026-09-13,Nakuru,5-14,0,0,0,0,255,49,2.3,not_done,not_done
2026-09-13,Nakuru,15-24,0,0,0,0,252,45,7.9,not_done,negative
2026-09-13,Nakuru,45-64,0,0,0,0,96,43,4.6,not_done,not_done
2026-09-13,Nakuru,25-44,0,0,0,0,341,16,4.3,not_done,not_done
2026-09-13,Nakuru,15-24,0,0,0,0,289,51,0.5,not_done,not_done
2026-09-13,Nakuru,5-14,0,0,0,0,249,34,5.4,not_done,not_done
2026-09-14,Busia,25-44,0,0,0,0,256,6,1.1,not_done,not_done
2026-09-14,Busia,5-14,1,0,0,0,281,24,8.0,not_done,not_done
2026-09-14,Busia,5-14,0,0,0,0,261,17,4.9,not_done,not_done
2026-09-14,Busia,45-64,0,0,0,0,257,20,10.1,not_done,not_done
2026-09-14,Bungoma,45-64,0,0,0,0,268,29,0.5,not_done,not_done
2026-09-14,Bungoma,0-4,1,0,0,0,319,31,27.9,negative,not_done
2026-09-14,Bungoma,0-4,0,0,0,1,258,27,4.5,not_done,not_done
2026-09-14,Bungoma,15-24,1,0,1,0,158,20,14.2,not_done,not_done
2026-09-14,Bungoma,15-24,0,0,0,0,291,13,0.5,not_done,not_done
2026-09-14,Nairobi,45-64,0,0,0,0,324,26,5.4,not_done,not_done
2026-09-14,Nairobi,25-44,0,0,0,0,254,25,9.5,not_done,not_done
2026-09-14,Nairobi,25-44,0,0,0,0,329,35,0.5,not_done,not_done
2026-09-14,Nairobi,45-64,0,0,0,0,273,28,5.8,not_done,not_done
2026-09-14,Nairobi,25-44,1,0,1,0,253,37,14.9,negative,not_done
2026-09-14,Nairobi,25-44,0,1,0,0,187,26,7.9,not_done,negative
2026-09-14,Nairobi,45-64,0,0,0,0,222,25,3.6,not_done,not_done
2026-09-14,Nakuru,15-24,0,0,0,0,285,41,0.5,not_done,not_done
2026-09-14,Nakuru,25-44,1,0,0,0,229,30,14.0,negative,not_done
2026-09-14,Nakuru,65+,0,0,1,0,346,35,8.8,not_done,not_done
2026-09-14,Nakuru,25-44,0,0,0,0,214,21,4.7,not_done,not_done
2026-09-14,Nakuru,25-44,0,0,0,0,300,43,2.2,not_done,not_done
2026-09-15,Busia,65+,0,0,0,0,268,14,2.3,not_done,not_done
2026-09-15,Busia,45-64,0,0,0,0,195,22,7.6,not_done,not_done
2026-09-15,Busia,5-14,0,0,0,0,297,11,3.6,not_done,not_done
2026-09-15,Busia,45-64,0,0,0,0,281,29,0.5,not_done,not_done
2026-09-15,Busia,15-24,1,0,0,0,227,22,16.2,negative,not_done
2026-09-15,Bungoma,45-64,0,0,0,0,124,25,4.5,not_done,not_done
2026-09-15,Bungoma,25-44,0,0,0,0,352,28,6.3,not_done,not_done
2026-09-15,Bungoma,5-14,0,0,0,0,238,20,4.9,not_done,negative
2026-09-15,Bungoma,0-4,0,0,0,0,253,39,2.0,not_done,not_done
2026-09-15,Bungoma,25-44,0,0,0,1,214,21,0.6,not_done,not_done
2026-09-15,Bungoma,45-64,1,0,0,0,213,32,23.3,not_done,not_done
2026-09-15,Bungoma,25-44,0,0,0,0,264,17,7.4,not_done,not_done
2026-09-15,Nairobi,15-24,0,0,0,0,266,38,7.1,not_done,not_done
2026-09-15,Nairobi,0-4,0,0,0,0,150,15,7.9,negative,not_done
2026-09-15,Nairobi,0-4,0,0,0,0,220,28,0.5,not_done,not_done
2026-09-15,Nairobi,25-44,0,0,0,0,282,24,4.8,not_done,not_done
2026-09-15,Nairobi,0-4,0,0,0,0,190,14,7.6,negative,not_done
2026-09-15,Nairobi,5-14,0,0,0,0,206,28,3.0,not_done,not_done
2026-09-15,Nakuru,25-44,0,0,0,0,350,19,13.6,not_done,not_done
2026-09-15,Nakuru,25-44,1,0,1,0,271,21,26.6,not_done,not_done
2026-09-15,Nakuru,15-24,1,0,0,0,260,21,11.2,negative,not_done
2026-09-15,Nakuru,45-64,0,0,0,0,286,27,1.2,not_done,not_done
2026-09-16,Busia,25-44,0,0,0,0,348,14,4.2,not_done,not_done
2026-09-16,Busia,65+,0,0,0,0,296,31,5.9,negative,not_done
2026-09-16,Busia,15-24,0,0,0,0,259,36,4.5,not_done,not_done
2026-09-16,Busia,5-14,0,0,0,0,219,16,3.3,not_done,not_done
2026-09-16,Busia,45-64,0,0,0,0,241,34,5.1,not_done,not_done
2026-09-16,Busia,25-44,0,1,1,0,378,35,4.3,not_done,not_done
2026-09-16,Busia,25-44,1,0,0,0,360,28,33.8,negative,not_done
2026-09-16,Busia,5-14,0,0,0,0,300,20,2.7,not_done,not_done
2026-09-16,Busia,45-64,1,0,0,0,190,99,18.0,not_done,not_done
2026-09-16,Bungoma,25-44,0,0,0,0,301,26,4.9,not_done,not_done
2026-09-16,Bungoma,15-24,0,0,0,0,322,10,7.0,not_done,not_done
2026-09-16,Bungoma,5-14,0,0,0,0,295,28,2.9,not_done,not_done
2026-09-16,Bungoma,15-24,0,0,0,0,200,46,4.8,not_done,not_done
2026-09-16,Bungoma,15-24,0,0,0,1,167,19,4.0,not_done,not_done
2026-09-16,Bungoma,25-44,1,0,0,0,144,47,14.5,negative,not_done
2026-09-16,Nairobi,25-44,0,0,0,0,337,30,7.3,not_done,not_done
2026-09-16,Nairobi,5-14,0,0,0,0,236,28,5.2,not_done,not_done
2026-09-16,Nairobi,25-44,1,0,0,0,261,56,45.9,negative,not_done
2026-09-16,Nairobi,15-24,0,0,0,0,248,28,4.5,not_done,not_done
2026-09-16,Nakuru,25-44,0,0,0,0,281,38,4.0,not_done,not_done
2026-09-16,Nakuru,5-14,0,0,0,0,115,10,1.6,not_done,not_done
2026-09-16,Nakuru,0-4,0,0,0,0,307,29,0.5,not_done,not_done
2026-09-16,Nakuru,0-4,0,0,0,0,256,9,9.7,not_done,not_done
2026-09-17,Busia,45-64,0,0,0,0,225,35,5.7,not_done,not_done
2026-09-17,Busia,45-64,0,0,0,0,261,14,4.4,not_done,not_done
2026-09-17,Busia,25-44,0,0,0,0,334,24,2.2,not_done,not_done
2026-09-17,Busia,15-24,0,0,0,0,297,27,1.8,not_done,not_done
2026-09-17,Busia,45-64,0,0,0,0,310,34,4.9,not_done,not_done
2026-09-17,Busia,15-24,0,0,0,0,356,15,3.9,negative,not_done
2026-09-17,Busia,25-44,0,0,0,0,207,60,1.5,negative,not_done
2026-09-17,Busia,25-44,0,0,0,0,188,34,6.4,not_done,not_done
2026-09-17,Busia,15-24,0,0,0,0,240,37,7.3,negative,not_done
2026-09-17,Busia,5-14,1,0,0,0,184,84,21.1,negative,not_done
2026-09-17,Bungoma,15-24,1,0,0,0,147,33,11.8,negative,not_done
2026-09-17,Bungoma,5-14,0,0,0,0,258,37,4.7,not_done,not_done
2026-09-17,Bungoma,45-64,1,0,0,0,277,28,21.2,negative,not_done
2026-09-17,Bungoma,5-14,1,0,0,0,86,122,19.5,negative,not_done
2026-09-17,Bungoma,25-44,1,1,0,0,146,66,26.2,positive,not_done
2026-09-17,Nairobi,65+,0,0,1,0,332,10,4.2,not_done,not_done
2026-09-17,Nairobi,15-24,0,0,0,0,266,24,5.9,not_done,not_done
2026-09-17,Nairobi,0-4,0,0,1,0,226,38,6.1,not_done,not_done
2026-09-17,Nairobi,5-14,0,0,0,0,290,21,3.5,not_done,not_done
2026-09-17,Nakuru,0-4,0,0,0,1,298,9,2.2,not_done,not_done
2026-09-18,Busia,15-24,0,0,1,0,393,36,5.5,negative,not_done
2026-09-18,Busia,25-44,0,0,0,0,241,13,2.0,not_done,not_done
2026-09-18,Busia,0-4,0,0,0,0,256,35,4.6,negative,not_done
2026-09-18,Busia,45-64,0,0,0,1,359,15,3.6,not_done,not_done
2026-09-18,Busia,45-64,0,0,0,0,277,31,1.2,negative,not_done
2026-09-18,Busia,5-14,1,0,0,0,78,64,15.7,negative,not_done
2026-09-18,Busia,65+,1,0,0,0,100,98,15.4,negative,not_done
2026-09-18,Busia,15-24,1,0,0,0,91,69,26.5,negative,negative
2026-09-18,Busia,25-44,1,0,0,0,115,91,17.3,negative,not_done
2026-09-18,Bungoma,45-64,0,0,1,0,274,28,7.9,not_done,not_done
2026-09-18,Bungoma,15-24,1,0,0,0,299,31,27.5,negative,not_done
2026-09-18,Bungoma,15-24,0,0,0,0,197,33,4.5,not_done,negative
2026-09-18,Bungoma,0-4,0,0,0,0,212,31,9.3,not_done,not_done
2026-09-18,Bungoma,25-44,1,0,0,0,131,88,4.0,negative,not_done
2026-09-18,Nairobi,15-24,0,0,0,0,304,25,7.6,not_done,not_done
2026-09-18,Nairobi,45-64,1,0,0,0,262,44,20.8,negative,not_done
2026-09-18,Nairobi,15-24,1,0,0,0,278,38,28.3,not_done,not_done
2026-09-18,Nairobi,45-64,0,1,0,0,170,24,8.3,not_done,not_done
2026-09-18,Nairobi,5-14,0,0,0,0,203,27,6.0,not_done,not_done
2026-09-18,Nairobi,5-14,1,0,0,0,260,15,26.2,negative,negative
2026-09-18,Nairobi,25-44,0,0,0,0,321,39,0.5,not_done,not_done
2026-09-18,Nairobi,15-24,0,0,0,0,395,49,2.9,not_done,not_done
2026-09-18,Nakuru,25-44,0,0,1,0,211,28,4.1,not_done,not_done
2026-09-18,Nakuru,65+,0,0,0,0,302,35,4.1,not_done,not_done
2026-09-18,Nakuru,0-4,0,0,0,0,332,40,0.6,not_done,not_done
2026-09-19,Busia,15-24,1,0,0,0,262,33,2.8,negative,negative
2026-09-19,Busia,15-24,0,0,1,0,268,23,2.0,not_done,not_done
2026-09-19,Busia,15-24,0,0,0,0,261,21,4.7,not_done,not_done
2026-09-19,Busia,45-64,0,0,0,0,321,32,3.8,not_done,not_done
2026-09-19,Busia,5-14,0,0,0,0,270,27,5.4,not_done,not_done
2026-09-19,Busia,15-24,1,0,0,0,107,116,18.1,not_done,negative
2026-09-19,Busia,25-44,1,0,0,0,114,55,32.7,not_done,not_done
2026-09-19,Bungoma,5-14,0,0,0,0,249,32,4.5,not_done,not_done
2026-09-19,Bungoma,15-24,0,0,0,0,263,29,8.0,not_done,not_done
2026-09-19,Bungoma,5-14,0,0,0,0,192,36,6.1,not_done,not_done
2026-09-19,Bungoma,25-44,0,0,0,0,174,23,2.3,not_done,not_done
2026-09-19,Bungoma,0-4,0,0,0,0,290,26,4.3,not_done,not_done
2026-09-19,Bungoma,25-44,1,0,0,0,144,121,3.8,not_done,negative
2026-09-19,Bungoma,5-14,1,0,0,0,118,36,9.7,negative,not_done
2026-09-19,Nairobi,5-14,0,0,0,0,294,28,4.8,not_done,not_done
2026-09-19,Nairobi,25-44,0,0,0,0,261,24,4.5,not_done,not_done
2026-09-19,Nairobi,5-14,0,0,0,1,300,27,7.8,not_done,not_done
2026-09-19,Nairobi,0-4,1,0,0,1,231,29,12.9,negative,not_done
2026-09-19,Nairobi,5-14,0,0,0,0,283,30,3.3,not_done,not_done
2026-09-19,Nairobi,15-24,1,0,0,0,257,13,24.8,negative,not_done
2026-09-19,Nairobi,25-44,1,0,0,0,281,34,18.0,positive,negative
2026-09-19,Nakuru,65+,1,0,0,0,317,59,12.0,not_done,not_done
2026-09-19,Nakuru,25-44,0,0,0,0,278,33,10.1,negative,not_done
2026-09-19,Nakuru,5-14,0,0,0,0,256,25,3.0,not_done,not_done
2026-09-19,Nakuru,5-14,0,0,0,0,275,23,5.5,not_done,not_done
2026-09-20,Busia,25-44,0,0,0,0,277,5,7.2,not_done,not_done
2026-09-20,Busia,25-44,0,0,0,0,199,43,6.6,not_done,not_done
2026-09-20,Busia,65+,1,0,0,0,80,61,26.0,negative,not_done
2026-09-20,Busia,45-64,1,0,0,0,125,141,17.6,negative,not_done
2026-09-20,Busia,15-24,1,0,0,0,169,105,15.9,negative,not_done
2026-09-20,Busia,5-14,1,0,0,0,119,87,10.3,not_done,not_done
2026-09-20,Bungoma,15-24,0,0,0,0,352,32,5.6,not_done,not_done
2026-09-20,Bungoma,25-44,1,0,0,0,214,38,32.4,not_done,not_done
2026-09-20,Bungoma,5-14,0,0,0,0,220,36,7.5,not_done,not_done
2026-09-20,Bungoma,45-64,0,0,0,0,270,11,6.2,negative,not_done
2026-09-20,Bungoma,25-44,0,0,0,0,263,29,6.1,not_done,not_done
2026-09-20,Bungoma,15-24,0,0,0,0,231,15,11.7,positive,not_done
2026-09-20,Bungoma,15-24,1,0,0,0,122,117,19.6,negative,not_done
2026-09-20,Bungoma,65+,1,1,0,0,118,122,12.1,negative,negative
2026-09-20,Bungoma,45-64,1,0,0,1,78,87,12.5,negative,negative
2026-09-20,Nairobi,5-14,0,0,1,0,370,5,4.8,not_done,not_done
2026-09-20,Nairobi,15-24,0,0,0,0,177,13,1.4,not_done,not_done
2026-09-20,Nairobi,5-14,1,1,0,0,287,42,31.3,not_done,not_done
2026-09-20,Nairobi,45-64,0,0,0,0,241,14,6.3,not_done,not_done
2026-09-20,Nairobi,25-44,0,0,0,0,274,37,5.3,not_done,not_done
2026-09-20,Nairobi,15-24,0,0,0,0,169,28,3.3,not_done,not_done
2026-09-20,Nakuru,25-44,0,0,1,0,287,46,8.0,not_done,not_done
2026-09-20,Nakuru,0-4,1,1,0,0,290,29,23.7,negative,not_done
2026-09-20,Nakuru,25-44,0,0,0,0,221,38,3.5,not_done,not_done
2026-09-21,Busia,25-44,0,0,0,0,235,39,9.4,not_done,not_done
2026-09-21,Busia,15-24,0,0,0,0,306,39,5.1,not_done,not_done
2026-09-21,Busia,5-14,0,1,0,0,230,67,5.6,not_done,not_done
2026-09-21,Busia,25-44,0,0,0,0,281,26,7.2,not_done,not_done
2026-09-21,Busia,25-44,0,0,0,0,65,19,2.6,not_done,negative
2026-09-21,Busia,0-4,0,0,0,0,222,5,6.0,not_done,not_done
2026-09-21,Busia,45-64,0,0,0,0,346,17,4.4,not_done,not_done
2026-09-21,Busia,25-44,1,0,0,0,90,94,11.7,negative,not_done
2026-09-21,Busia,15-24,1,0,0,0,113,78,15.2,negative,not_done
2026-09-21,Busia,15-24,1,0,0,0,61,79,9.4,negative,not_done
2026-09-21,Busia,15-24,1,0,0,0,61,87,11.7,negative,not_done
2026-09-21,Busia,0-4,1,0,0,0,145,98,4.6,negative,not_done
2026-09-21,Busia,25-44,1,1,0,0,47,101,7.4,negative,not_done
2026-09-21,Bungoma,5-14,0,0,0,0,306,21,8.3,not_done,not_done
2026-09-21,Bungoma,45-64,0,0,0,0,215,36,8.8,not_done,not_done
2026-09-21,Bungoma,15-24,0,0,0,0,238,19,6.0,not_done,not_done
2026-09-21,Bungoma,15-24,0,0,1,0,340,25,0.5,not_done,not_done
2026-09-21,Bungoma,5-14,0,0,0,0,193,34,5.6,not_done,not_done
2026-09-21,Bungoma,0-4,0,1,0,0,158,8,4.1,not_done,not_done
2026-09-21,Bungoma,45-64,1,0,0,0,157,102,15.9,not_done,not_done
2026-09-21,Bungoma,5-14,1,0,0,0,143,63,2.1,negative,not_done
2026-09-21,Bungoma,25-44,1,0,0,0,123,100,13.9,not_done,not_done
2026-09-21,Bungoma,15-24,1,0,0,0,129,79,18.3,negative,not_done
2026-09-21,Bungoma,25-44,1,0,0,0,82,117,21.5,not_done,not_done
2026-09-21,Nairobi,45-64,1,0,0,0,402,20,25.4,negative,not_done
2026-09-21,Nairobi,25-44,0,0,0,0,257,31,7.4,not_done,not_done
2026-09-21,Nairobi,5-14,0,0,1,0,264,27,6.8,not_done,not_done
2026-09-21,Nakuru,5-14,0,0,0,0,234,23,11.7,not_done,not_done
2026-09-21,Nakuru,45-64,0,0,0,0,242,26,1.1,not_done,not_done
2026-09-21,Nakuru,15-24,0,0,0,0,193,30,9.4,not_done,not_done
2026-09-21,Nakuru,25-44,0,0,0,0,266,19,5.3,not_done,not_done
2026-09-22,Busia,45-64,0,0,0,0,270,30,4.3,not_done,not_done
2026-09-22,Busia,45-64,0,1,0,0,262,32,1.7,negative,not_done
2026-09-22,Busia,5-14,0,0,0,0,201,25,4.4,not_done,not_done
2026-09-22,Busia,5-14,1,0,0,0,222,7,27.8,not_done,not_done
2026-09-22,Busia,25-44,0,0,0,0,350,28,5.6,negative,not_done
2026-09-22,Busia,45-64,1,0,0,0,110,99,18.5,negative,negative
2026-09-22,Busia,25-44,1,0,0,0,122,117,8.9,negative,not_done
2026-09-22,Busia,0-4,1,0,0,0,127,115,29.6,not_done,negative
2026-09-22,Busia,25-44,1,0,0,0,75,129,2.4,not_done,not_done
2026-09-22,Bungoma,45-64,0,0,0,0,289,46,6.3,not_done,not_done
2026-09-22,Bungoma,65+,0,0,1,0,367,9,1.1,not_done,not_done
2026-09-22,Bungoma,5-14,0,0,0,0,256,33,4.8,not_done,not_done
2026-09-22,Bungoma,25-44,0,0,0,0,305,26,6.2,not_done,not_done
2026-09-22,Bungoma,45-64,0,0,0,0,320,23,2.9,not_done,not_done
2026-09-22,Bungoma,5-14,1,0,0,0,133,84,22.1,negative,not_done
2026-09-22,Bungoma,15-24,1,0,1,1,108,96,24.4,not_done,not_done
2026-09-22,Bungoma,25-44,1,0,0,0,139,124,9.5,negative,not_done
2026-09-22,Bungoma,25-44,1,0,0,0,148,99,17.0,positive,not_done
2026-09-22,Bungoma,25-44,1,0,0,0,115,89,19.6,negative,not_done
2026-09-22,Bungoma,15-24,1,1,0,0,123,140,10.7,negative,not_done
2026-09-22,Bungoma,5-14,1,0,1,0,136,65,18.2,not_done,not_done
2026-09-22,Bungoma,5-14,1,0,1,0,147,88,15.6,not_done,negative
2026-09-22,Nairobi,0-4,1,0,0,0,251,45,16.1,not_done,not_done
2026-09-22,Nakuru,45-64,0,0,0,0,285,37,6.4,not_done,not_done
2026-09-22,Nakuru,45-64,0,0,0,0,273,19,9.5,not_done,not_done
2026-09-22,Nakuru,25-44,0,0,0,0,165,12,2.2,not_done,not_done
2026-09-22,Nakuru,5-14,0,0,0,1,345,31,3.2,not_done,not_done
2026-09-23,Busia,5-14,0,0,0,0,260,36,4.9,not_done,not_done
2026-09-23,Busia,25-44,0,0,0,0,203,38,6.3,not_done,not_done
2026-09-23,Busia,65+,0,0,0,0,244,24,7.2,not_done,not_done
2026-09-23,Busia,5-14,1,0,0,0,81,84,19.4,negative,not_done
2026-09-23,Busia,45-64,1,0,0,0,141,110,8.4,negative,not_done
2026-09-23,Busia,25-44,1,0,0,0,126,69,0.5,negative,not_done
2026-09-23,Busia,45-64,1,0,0,0,177,95,6.4,negative,not_done
2026-09-23,Busia,25-44,1,0,0,0,131,88,12.8,negative,not_done
2026-09-23,Busia,15-24,1,0,0,0,77,78,15.9,negative,not_done
2026-09-23,Busia,25-44,1,0,0,0,134,60,12.8,negative,not_done
2026-09-23,Bungoma,25-44,0,0,0,0,230,33,5.4,not_done,not_done
2026-09-23,Bungoma,65+,0,0,0,0,246,36,5.8,not_done,not_done
2026-09-23,Bungoma,5-14,0,0,0,0,247,27,0.5,not_done,not_done
2026-09-23,Bungoma,45-64,0,0,0,0,260,6,9.1,not_done,not_done
2026-09-23,Bungoma,15-24,1,0,1,0,158,62,8.5,negative,not_done
2026-09-23,Bungoma,15-24,1,0,0,0,107,111,11.7,negative,not_done
2026-09-23,Bungoma,0-4,1,0,0,0,117,98,19.4,positive,not_done
2026-09-23,Bungoma,15-24,1,0,0,0,151,98,21.2,negative,not_done
2026-09-23,Bungoma,25-44,1,0,0,0,108,117,15.3,negative,not_done
2026-09-23,Bungoma,25-44,1,0,0,0,131,64,15.8,negative,not_done
2026-09-23,Bungoma,45-64,1,0,0,0,124,70,24.2,negative,not_done
2026-09-23,Nairobi,15-24,0,0,1,0,159,40,7.3,not_done,not_done
2026-09-23,Nairobi,25-44,0,0,0,0,165,23,2.1,not_done,not_done
2026-09-23,Nairobi,5-14,0,0,0,0,261,27,7.0,not_done,not_done
2026-09-23,Nairobi,0-4,0,0,0,0,339,31,8.0,not_done,not_done
2026-09-23,Nairobi,45-64,0,0,0,0,250,7,5.5,not_done,not_done
2026-09-23,Nakuru,15-24,0,0,0,0,155,38,6.4,not_done,not_done
2026-09-23,Nakuru,25-44,0,0,0,0,238,9,4.9,not_done,not_done
2026-09-23,Nakuru,0-4,0,0,0,1,283,29,0.5,not_done,not_done
2026-09-24,Busia,65+,0,0,0,0,215,33,1.6,not_done,not_done
2026-09-24,Busia,5-14,0,0,0,0,206,32,7.6,not_done,not_done
2026-09-24,Busia,0-4,1,0,0,0,250,25,28.3,not_done,not_done
2026-09-24,Busia,25-44,1,1,0,0,210,35,22.5,negative,not_done
2026-09-24,Busia,25-44,0,0,0,0,267,11,9.0,not_done,not_done
2026-09-24,Busia,25-44,0,0,0,0,343,26,3.5,not_done,not_done
2026-09-24,Busia,25-44,0,0,0,1,204,28,0.5,not_done,not_done
2026-09-24,Busia,25-44,0,0,0,0,272,5,9.5,not_done,not_done
2026-09-24,Busia,0-4,1,0,0,0,229,47,17.3,negative,not_done
2026-09-24,Busia,25-44,0,0,0,0,205,23,10.6,not_done,not_done
2026-09-24,Busia,0-4,1,0,0,0,82,78,8.4,negative,not_done
2026-09-24,Busia,15-24,1,0,1,0,116,87,24.4,negative,not_done
2026-09-24,Busia,15-24,1,0,1,0,111,100,7.3,negative,not_done
2026-09-24,Bungoma,65+,0,0,0,0,326,36,5.9,not_done,not_done
2026-09-24,Bungoma,25-44,0,0,0,0,247,43,5.0,not_done,not_done
2026-09-24,Bungoma,25-44,1,0,0,1,312,36,17.9,negative,positive
2026-09-24,Bungoma,45-64,0,0,0,0,294,47,7.2,not_done,not_done
2026-09-24,Bungoma,0-4,0,0,0,0,290,20,3.9,not_done,not_done
2026-09-24,Bungoma,15-24,1,0,0,0,226,12,18.8,negative,not_done
2026-09-24,Bungoma,25-44,1,0,0,1,117,65,23.6,negative,not_done
2026-09-24,Bungoma,45-64,1,0,0,0,202,82,16.7,not_done,not_done
2026-09-24,Bungoma,25-44,1,0,0,0,109,72,28.3,not_done,not_done
2026-09-24,Bungoma,65+,1,0,0,0,62,93,18.9,negative,not_done
2026-09-24,Bungoma,65+,1,0,0,0,110,122,19.9,not_done,not_done
2026-09-24,Nairobi,15-24,1,0,0,0,331,21,39.3,negative,not_done
2026-09-24,Nairobi,5-14,0,0,0,0,187,18,3.3,not_done,not_done
2026-09-24,Nairobi,15-24,0,0,0,0,325,25,2.8,not_done,not_done
2026-09-24,Nairobi,25-44,1,0,0,0,230,22,11.6,negative,not_done
2026-09-24,Nairobi,45-64,1,0,0,0,231,30,13.9,negative,not_done
2026-09-24,Nairobi,65+,0,0,0,0,261,20,5.8,negative,not_done
2026-09-24,Nairobi,15-24,0,0,0,0,277,37,4.1,not_done,not_done
2026-09-24,Nakuru,5-14,0,0,0,0,229,21,8.4,not_done,not_done
2026-09-24,Nakuru,0-4,0,0,0,0,183,24,3.4,not_done,not_done
2026-09-24,Nakuru,25-44,0,0,1,0,352,33,2.6,not_done,not_done
2026-09-24,Nakuru,15-24,0,0,0,0,218,38,4.9,not_done,not_done
2026-09-24,Nakuru,15-24,0,0,0,0,177,31,0.5,not_done,negative
2026-09-24,Nakuru,0-4,0,0,0,1,246,30,6.9,not_done,not_done
2026-09-24,Nakuru,25-44,0,0,0,1,261,36,9.5,not_done,not_done
2026-09-24,Nakuru,65+,0,0,0,0,228,16,4.4,not_done,not_done
2026-09-25,Busia,65+,0,0,1,0,277,27,10.1,negative,not_done
2026-09-25,Busia,25-44,0,0,0,0,203,36,10.6,not_done,not_done
2026-09-25,Busia,45-64,0,0,0,0,261,36,7.4,not_done,not_done
2026-09-25,Busia,0-4,1,0,0,0,143,101,11.0,negative,negative
2026-09-25,Busia,5-14,1,0,0,0,157,119,10.8,negative,not_done
2026-09-25,Busia,45-64,1,0,0,0,78,107,1.5,not_done,not_done
2026-09-25,Bungoma,15-24,0,0,1,0,224,31,7.8,not_done,not_done
2026-09-25,Bungoma,45-64,0,0,0,0,308,20,4.0,not_done,not_done
2026-09-25,Bungoma,15-24,0,0,0,0,292,14,3.8,not_done,not_done
2026-09-25,Bungoma,25-44,0,0,0,0,269,9,4.9,negative,not_done
2026-09-25,Bungoma,45-64,0,0,0,0,242,34,3.8,not_done,not_done
2026-09-25,Bungoma,25-44,1,0,1,0,104,44,20.5,negative,not_done
2026-09-25,Bungoma,0-4,1,0,0,0,128,71,14.1,positive,not_done
2026-09-25,Bungoma,65+,1,0,0,0,87,118,5.5,positive,negative
2026-09-25,Bungoma,15-24,1,0,0,0,125,98,20.0,positive,negative
2026-09-25,Bungoma,65+,1,0,0,0,109,104,7.8,negative,not_done
2026-09-25,Nairobi,45-64,0,0,0,0,160,50,0.5,not_done,not_done
2026-09-25,Nairobi,15-24,0,0,0,0,257,36,3.2,not_done,not_done
2026-09-25,Nairobi,0-4,0,0,0,0,286,15,12.6,not_done,not_done
2026-09-25,Nairobi,25-44,0,0,0,0,203,22,8.6,not_done,not_done
2026-09-25,Nairobi,15-24,0,0,0,0,268,21,9.4,negative,not_done
2026-09-25,Nairobi,15-24,0,0,1,1,161,26,1.6,not_done,not_done
2026-09-25,Nairobi,5-14,0,0,0,1,337,32,3.3,not_done,not_done
2026-09-25,Nakuru,25-44,0,0,0,0,265,16,3.1,not_done,not_done
2026-09-25,Nakuru,0-4,0,0,0,0,279,21,10.1,not_done,not_done
2026-09-25,Nakuru,45-64,0,0,0,0,276,44,8.0,not_done,not_done
2026-09-25,Nakuru,25-44,0,0,0,0,151,33,5.5,not_done,not_done
2026-09-25,Nakuru,5-14,0,0,0,0,269,33,8.0,not_done,not_done
2026-09-25,Nakuru,25-44,1,1,0,0,170,32,23.0,not_done,not_done
2026-09-25,Nakuru,25-44,0,0,0,0,281,26,0.5,not_done,not_done
2026-09-26,Busia,25-44,0,0,0,0,255,27,5.1,not_done,not_done
2026-09-26,Busia,65+,1,0,0,0,390,51,28.1,positive,not_done
2026-09-26,Busia,5-14,1,0,0,0,292,33,42.3,not_done,not_done
2026-09-26,Busia,0-4,0,1,0,0,111,46,11.6,not_done,not_done
2026-09-26,Busia,25-44,1,0,0,1,136,69,14.4,positive,not_done
2026-09-26,Bungoma,15-24,0,0,0,0,298,42,0.5,not_done,not_done
2026-09-26,Bungoma,15-24,0,0,0,0,292,15,7.7,not_done,not_done
2026-09-26,Bungoma,65+,0,0,0,1,304,32,7.9,not_done,not_done
2026-09-26,Bungoma,15-24,0,0,1,0,282,34,7.4,not_done,not_done
2026-09-26,Bungoma,15-24,1,0,0,0,142,89,21.5,not_done,negative
2026-09-26,Bungoma,5-14,1,0,0,0,148,109,13.3,negative,not_done
2026-09-26,Bungoma,0-4,1,0,0,0,150,65,3.8,negative,not_done
2026-09-26,Nairobi,25-44,0,0,0,0,235,30,6.4,not_done,not_done
2026-09-26,Nairobi,0-4,0,0,0,0,271,25,6.6,negative,not_done
2026-09-26,Nairobi,0-4,0,0,0,0,277,5,6.1,not_done,not_done
2026-09-26,Nairobi,45-64,0,0,0,0,298,33,0.9,not_done,not_done
2026-09-26,Nakuru,0-4,0,0,0,0,296,29,3.9,not_done,not_done
2026-09-26,Nakuru,0-4,1,0,0,0,233,49,1.2,not_done,not_done
2026-09-26,Nakuru,0-4,1,0,0,0,256,33,6.2,negative,not_done
2026-09-26,Nakuru,45-64,0,0,0,0,298,13,2.9,not_done,not_done
2026-09-26,Nakuru,45-64,0,0,0,0,215,18,7.0,not_done,not_done
2026-09-26,Nakuru,0-4,0,0,0,0,238,42,5.2,negative,not_done
2026-09-27,Busia,15-24,0,0,0,0,278,23,1.5,not_done,not_done
2026-09-27,Busia,25-44,0,0,0,0,210,19,8.9,not_done,not_done
2026-09-27,Busia,5-14,0,0,0,0,283,23,4.2,not_done,not_done
2026-09-27,Busia,25-44,0,0,0,0,219,26,0.5,not_done,not_done
2026-09-27,Busia,5-14,0,0,0,0,210,16,8.8,not_done,not_done
2026-09-27,Busia,15-24,0,0,0,0,340,25,3.9,negative,not_done
2026-09-27,Busia,5-14,0,0,0,0,239,25,9.6,not_done,not_done
2026-09-27,Busia,65+,1,0,1,0,107,95,14.9,negative,negative
2026-09-27,Busia,65+,1,0,0,0,111,72,27.6,not_done,not_done
2026-09-27,Busia,45-64,1,0,0,0,74,104,12.9,negative,not_done
2026-09-27,Busia,15-24,1,0,1,0,121,104,9.4,positive,not_done
2026-09-27,Bungoma,25-44,1,0,1,0,256,40,25.2,negative,not_done
2026-09-27,Bungoma,65+,0,0,0,0,112,33,11.5,not_done,not_done
2026-09-27,Bungoma,45-64,0,0,0,0,259,36,3.3,not_done,not_done
2026-09-27,Bungoma,15-24,1,0,0,1,203,40,26.2,negative,not_done
2026-09-27,Bungoma,15-24,0,0,0,0,270,21,0.6,negative,not_done
2026-09-27,Bungoma,45-64,1,0,0,0,258,41,16.0,not_done,not_done
2026-09-27,Bungoma,0-4,1,0,0,0,165,109,10.3,negative,not_done
2026-09-27,Bungoma,25-44,1,0,0,0,94,86,11.8,negative,not_done
2026-09-27,Bungoma,15-24,1,0,0,0,126,119,21.0,negative,not_done
2026-09-27,Bungoma,15-24,1,0,0,0,127,131,26.3,positive,not_done
2026-09-27,Nairobi,5-14,0,0,0,0,274,32,10.1,not_done,not_done
2026-09-27,Nairobi,15-24,0,0,0,0,231,20,3.2,not_done,not_done
2026-09-27,Nairobi,0-4,0,0,0,0,137,27,4.0,not_done,not_done
2026-09-27,Nairobi,25-44,1,0,1,0,223,10,19.1,not_done,not_done
2026-09-27,Nairobi,65+,0,0,1,0,238,11,8.1,not_done,not_done
2026-09-27,Nakuru,25-44,0,0,1,0,257,28,9.1,not_done,not_done
2026-09-27,Nakuru,15-24,0,0,0,0,282,18,5.2,not_done,not_done
2026-09-27,Nakuru,25-44,0,0,0,0,223,21,5.9,not_done,not_done
2026-09-27,Nakuru,0-4,0,0,0,0,251,38,4.8,positive,not_done
2026-09-27,Nakuru,5-14,1,0,0,0,181,51,3.3,negative,not_done
2026-09-27,Nakuru,25-44,1,0,0,0,177,33,12.9,negative,not_done
2026-09-28,Busia,25-44,0,0,0,0,213,22,3.3,not_done,not_done
2026-09-28,Busia,25-44,0,0,0,0,237,49,7.2,not_done,not_done
2026-09-28,Busia,0-4,0,0,0,0,262,33,5.5,not_done,not_done
2026-09-28,Busia,25-44,0,0,0,0,226,37,5.9,not_done,not_done
2026-09-28,Busia,15-24,0,0,0,0,147,29,7.5,not_done,not_done
2026-09-28,Busia,25-44,1,0,1,0,117,62,34.1,not_done,not_done
2026-09-28,Busia,65+,1,0,0,0,151,98,20.1,not_done,not_done
2026-09-28,Busia,65+,1,0,0,0,122,51,12.0,negative,not_done
2026-09-28,Busia,0-4,1,0,0,0,82,103,13.8,not_done,not_done
2026-09-28,Bungoma,45-64,0,0,0,0,344,35,0.5,not_done,not_done
2026-09-28,Bungoma,45-64,0,0,0,0,377,40,8.0,not_done,not_done
2026-09-28,Bungoma,15-24,0,0,0,0,134,16,0.5,not_done,not_done
2026-09-28,Bungoma,65+,0,0,1,0,240,7,9.7,not_done,not_done
2026-09-28,Bungoma,15-24,1,0,0,0,99,65,11.8,not_done,not_done
2026-09-28,Bungoma,25-44,1,0,0,0,101,66,17.6,negative,not_done
2026-09-28,Bungoma,25-44,1,0,0,0,107,112,15.5,positive,not_done
2026-09-28,Nairobi,65+,0,0,0,0,324,32,1.2,positive,not_done
2026-09-28,Nairobi,45-64,0,0,0,0,173,33,1.7,not_done,not_done
2026-09-28,Nairobi,45-64,0,0,0,0,320,28,6.6,not_done,not_done
2026-09-28,Nairobi,25-44,0,0,0,0,233,35,9.6,not_done,not_done
2026-09-28,Nakuru,25-44,1,0,0,0,367,29,8.9,negative,not_done
2026-09-28,Nakuru,5-14,0,0,1,0,223,42,6.0,not_done,not_done
2026-09-28,Nakuru,5-14,0,0,0,0,384,23,5.7,not_done,not_done
2026-09-28,Nakuru,65+,0,0,0,0,290,44,7.6,not_done,not_done
2026-09-28,Nakuru,25-44,0,0,0,0,328,19,8.1,not_done,not_done
